-- phpMyAdmin SQL Dump
-- version 3.5.8.2
-- http://www.phpmyadmin.net
--
-- Servidor: sql102.byethost3.com
-- Tiempo de generación: 25-08-2017 a las 20:32:47
-- Versión del servidor: 5.6.35-81.0
-- Versión de PHP: 5.3.3

SET SQL_MODE="NO_AUTO_VALUE_ON_ZERO";
SET time_zone = "+00:00";


/*!40101 SET @OLD_CHARACTER_SET_CLIENT=@@CHARACTER_SET_CLIENT */;
/*!40101 SET @OLD_CHARACTER_SET_RESULTS=@@CHARACTER_SET_RESULTS */;
/*!40101 SET @OLD_COLLATION_CONNECTION=@@COLLATION_CONNECTION */;
/*!40101 SET NAMES utf8 */;

--
-- Base de datos: `b3_14037585_quinielasutn`
--

-- --------------------------------------------------------

--
-- Estructura de tabla para la tabla `cat_imagenes`
--

CREATE TABLE IF NOT EXISTS `cat_imagenes` (
  `cve_imagen` int(11) NOT NULL AUTO_INCREMENT,
  `nombre` varchar(150) NOT NULL,
  `tipo` int(11) NOT NULL,
  `descripcion` varchar(50) DEFAULT NULL,
  `fecha_carga` date NOT NULL,
  PRIMARY KEY (`cve_imagen`)
) ENGINE=MyISAM  DEFAULT CHARSET=latin1 AUTO_INCREMENT=51 ;

--
-- Volcado de datos para la tabla `cat_imagenes`
--

INSERT INTO `cat_imagenes` (`cve_imagen`, `nombre`, `tipo`, `descripcion`, `fecha_carga`) VALUES
(1, 'defecto.png', 1, 'perfil por defecto', '2015-04-14'),
(48, 'America.png', 2, 'Foto Equipo', '2015-08-28'),
(47, 'Dorados.png', 2, 'Foto Equipo', '2015-08-28'),
(46, 'Veracruz.png', 2, 'Foto Equipo', '2015-08-28'),
(45, 'Tijuana.png', 2, 'Foto Equipo', '2015-08-28'),
(44, 'Tigres.png', 2, 'Foto Equipo', '2015-08-28'),
(43, 'Queretaro.png', 2, 'Foto Equipo', '2015-08-28'),
(42, 'Pumas.png', 2, 'Foto Equipo', '2015-08-28'),
(41, 'Puebla.png', 2, 'Foto Equipo', '2015-08-28'),
(40, 'Pachuca.png', 2, 'Foto Equipo', '2015-08-28'),
(39, 'Morelia.png', 2, 'Foto Equipo', '2015-08-28'),
(38, 'Monterrey.png', 2, 'Foto Equipo', '2015-08-28'),
(37, 'Guadalajara.png', 2, 'Foto Equipo', '2015-08-28'),
(36, 'Cruz Azul.png', 2, 'Foto Equipo', '2015-08-28'),
(35, 'Chiapas FC.png', 2, 'Foto Equipo', '2015-08-28'),
(33, 'Leones Negros.png', 2, 'Foto Equipo', '2015-08-28'),
(34, 'Atlas.png', 2, 'Foto Equipo', '2015-08-28'),
(32, 'Leon.png', 2, 'Foto Equipo', '2015-08-28'),
(30, 'Toluca.png', 2, 'Foto Equipo', '2015-08-28'),
(31, 'Santos.png', 2, 'Foto Equipo', '2015-08-28'),
(49, 'Lobos.png', 2, 'Foto Equipo', '2017-07-25'),
(50, 'Necaxa.png', 2, 'Foto Equipo', '2017-07-25');

-- --------------------------------------------------------

--
-- Estructura de tabla para la tabla `cuentausuario`
--

CREATE TABLE IF NOT EXISTS `cuentausuario` (
  `nom_user` varchar(25) NOT NULL,
  `contrasena` varchar(45) NOT NULL,
  `rol_usu` varchar(10) NOT NULL,
  `idusu` int(11) DEFAULT NULL,
  PRIMARY KEY (`nom_user`),
  KEY `cuentas_idusu_fk` (`idusu`)
) ENGINE=MyISAM DEFAULT CHARSET=utf8;

--
-- Volcado de datos para la tabla `cuentausuario`
--

INSERT INTO `cuentausuario` (`nom_user`, `contrasena`, `rol_usu`, `idusu`) VALUES
('Angel', '5c1808f5b619566cfbd7904a1ab73b51', 'user', 1),
('pepo', '6513d0a71f365ff2fad9a42158e212b2', 'user', 2),
('uchiha', 'efdd9398f8200368c19d54b418874b6e', 'admin', 3),
('mon', 'f1d9be51880dd631aee0c1b54d406443', 'user', 4),
('Julio', 'b88b8759d6995e65c235d1049e9fb523', 'user', 5),
('gabi', 'a0d499c751053663c611a32779a57104', 'user', 6),
('paco', '311020666a5776c57d265ace682dc46d', 'user', 7),
('admin', '21232f297a57a5a743894a0e4a801fc3', 'admin', 8),
('Rogelio', '9fc0ab74de50fd2026e89aadc0d25094', 'user', 9),
('Bryan', '63ecf9e7e6ca691c4c35a8156a595e16', 'user', 10),
('Alfredo', '311c5545870b0ac46cc3fa25a8b384c5', 'user', 11),
('Federico', '1cff0f05de9d181a4f45bb0d18b70592', 'user', 12),
('antonio', '4a181673429f0b6abbfd452f0f3b5950', 'user', 13),
('Estela', '5ce61234710a286d4ccabc396b3e46fb', 'user', 15),
('JoseA', 'def84e4852b7d393f9d250e98bf7e6a2', 'user', 16),
('Brandon', 'f537623360dfdd9303a23c288fd8ab80', 'user', 105),
('Ismael', 'f997a0c00c161088682f87721c70006a', 'user', 22),
('pecas', 'a9aa981edbad7fcc68398caef987720d', 'user', 23),
('Kevin', 'ad445586d6e1fbb801c51f0ad0b90812', 'user', 24),
('Luis', 'cab7e1537606a3d2ea287ad8439d7ee0', 'user', 102),
('Roberto', '0eece0ed7e22748eabe911fa8ee1737b', 'user', 26),
('furbinho_1406', '432f45b44c432414d2f97df0e5743818', 'user', 27),
('edu', '6a0897cfd163f9fb5bad0bea907e14f7', 'user', 28),
('Ivan', '53772216d899a20c0f10a6063341b8d3', 'user', 103),
('Darien99', '47b374872ddf9061025007021b2bb625', 'user', 104),
('Alan', 'badf9a810c2a505b0f58d1cfba7c1539', 'user', 114),
('more', 'addec426932e71323700afa1911f8f1c', 'user', 32),
('evelyn', 'e176adc17c8661b9c90b779059bacfe8', 'user', 33),
('Axel', 'b4d978e9eb36fadf5f38a3ec64c1da8b', 'user', 69),
('Adelina', '311c5545870b0ac46cc3fa25a8b384c5', 'user', 70),
('Bonchis', '059bf68f71c80fce55214b411dd2280c', 'user', 36),
('mmartinez', 'd3cafc9d89add313fe9bc8fa7b4208f6', 'user', 37),
('Ernesto', '36ee74e4ecbb2248134ce86937ed0204', 'user', 106),
('Alberto', 'badf9a810c2a505b0f58d1cfba7c1539', 'user', 115),
('fernando', 'cebdd715d4ecaafee8f147c2e85e0754', 'user', 107),
('veny', '2cb0096ea038f29ee85b578ff639a9ff', 'user', 108),
('eisol', '973debb33bd126fc4df424fb390100aa', 'user', 109),
('Gris', '9daf903d55ee227b77ed7f3bfc2c793e', 'user', 110),
('cesartm', '9876691624e9075e1d9761f2ffabb578', 'user', 111),
('gonzalez', 'e796e897b03dfa33388c5e26154376de', 'user', 112),
('Chuy', '57373e775f8596e8937ccc664b26d17f', 'user', 113),
('Jesus', 'c7432b40153b80353dd6f7524416472c', 'user', 74),
('Plebe', 'ddf37c4c4a5d417837eceaf7b9ee0fd8', 'user', 116),
('carlos', 'dc599a9972fde3045dab59dbd1ae170b', 'user', 117),
('rafarafa', '4779cf0d736bfaa9fd6062563df3997e', 'user', 97),
('aaron', '449a36b6689d841d7d27f31b4b7cc73a', 'user', 100),
('oscar1', '31926f882293943b62cff28e86dfd1fa', 'user', 101),
('Ivonne', 'f997a0c00c161088682f87721c70006a', 'user', 118),
('Orlando', '843c3a46e535ec0ee245066f626c8b9e', 'user', 119),
('Chistor', 'cf8543c6fc5811d5a35a4bc8dcce9b47', 'user', 120),
('Noe', '4cddb5be1b125edbf1a5835a1e93d810', 'user', 121),
('adrian', '8c4205ec33d8f6caeaaaa0c10a14138c', 'user', 122),
('Samuel', 'af8a91a436fb7e0951e57fe72d5676c9', 'user', 123),
('joseluissm', 'fa260201b5cda63e0f83f49c220127b6', 'user', 124),
('efrain', '69423f0c254e5c1d2b0f5ee202459d2c', 'user', 125),
('Sabritas', '9e07b7240ccd59554ffe626c68305838', 'user', 126),
('apardo', '0622a51a636ca4550da2e36e77635356', 'user', 127),
('dani', 'aa47f8215c6f30a0dcdb2a36a9f4168e', 'user', 128),
('alber', 'b18b314c46ab4be0b3cad71a4e290263', 'user', 129),
('carlitos', '86c06093b9c9351bcea13ba73dcf9502', 'user', 131),
('jose luis', '502ff82f7f1f8218dd41201fe4353687', 'user', 133),
('Cuquin', 'b1e9ca36ab980c7167cd70858db5cd1a', 'user', 134),
('Lupita', 'd20527c4d20561625f97426c3f5e6616', 'user', 135),
('Luisp', '485c201305aaaedd47874599470c429c', 'user', 136),
('Pipiolo', '2d062c6cf014b5b7e89bea97abc29202', 'user', 137);

-- --------------------------------------------------------

--
-- Estructura de tabla para la tabla `equipo`
--

CREATE TABLE IF NOT EXISTS `equipo` (
  `cve_equipo` int(11) NOT NULL AUTO_INCREMENT,
  `nom_equipo` varchar(15) NOT NULL,
  `estadio` varchar(45) NOT NULL,
  `jue_jug` int(11) NOT NULL,
  `jue_gan` int(11) NOT NULL,
  `jue_per` int(11) NOT NULL,
  `jue_emp` int(11) NOT NULL,
  `gol_fa` int(11) NOT NULL,
  `gol_con` int(11) NOT NULL,
  `diferencia_gol` int(11) NOT NULL,
  `tot_puntos` int(11) NOT NULL,
  `liga_participa` int(2) NOT NULL,
  `escudo_equipo` int(11) NOT NULL,
  PRIMARY KEY (`cve_equipo`),
  KEY `escudo_equipo` (`escudo_equipo`)
) ENGINE=MyISAM  DEFAULT CHARSET=utf8 AUTO_INCREMENT=23 ;

--
-- Volcado de datos para la tabla `equipo`
--

INSERT INTO `equipo` (`cve_equipo`, `nom_equipo`, `estadio`, `jue_jug`, `jue_gan`, `jue_per`, `jue_emp`, `gol_fa`, `gol_con`, `diferencia_gol`, `tot_puntos`, `liga_participa`, `escudo_equipo`) VALUES
(1, 'America', 'Azteca', 5, 4, 1, 0, 8, 4, 4, 12, 1, 48),
(2, 'Toluca', 'Nemesio Diez', 5, 2, 0, 3, 6, 3, 3, 9, 1, 30),
(3, 'Santos', 'TSM', 5, 0, 2, 3, 6, 9, -3, 3, 1, 31),
(4, 'Leon', 'Nou Camp', 5, 1, 3, 1, 7, 10, -3, 4, 1, 32),
(5, 'Leones Negros', 'Jalisco', 0, 0, 0, 0, 0, 0, 0, 0, 2, 33),
(6, 'Atlas', 'Jalisco', 6, 2, 3, 1, 9, 8, 1, 7, 1, 34),
(7, 'Chiapas FC', 'Víctor Manuel Reyna', 0, 0, 0, 0, 0, 0, 0, 0, 2, 35),
(8, 'Cruz Azul', 'Azul', 5, 2, 0, 3, 7, 4, 3, 9, 1, 36),
(9, 'Guadalajara', 'Omnilife', 5, 0, 2, 3, 4, 8, -4, 3, 1, 37),
(10, 'Monterrey', 'Tecnológico', 5, 4, 0, 1, 10, 2, 8, 13, 1, 38),
(11, 'Morelia', 'Morelos', 6, 1, 2, 3, 6, 7, -1, 6, 1, 39),
(12, 'Pachuca', 'Miguel Hidalgo', 6, 3, 3, 0, 10, 9, 1, 9, 1, 40),
(13, 'Puebla', 'Cuauhtémoc', 4, 1, 1, 2, 3, 7, -4, 5, 1, 41),
(14, 'Pumas', 'Olímpico Universitario', 6, 2, 4, 0, 6, 7, -1, 6, 1, 42),
(15, 'Queretaro', 'Corregidora', 6, 2, 2, 2, 6, 10, -4, 8, 1, 43),
(16, 'Tigres', 'Universitario', 5, 2, 1, 2, 9, 4, 5, 8, 1, 44),
(17, 'Tijuana', 'Caliente', 6, 2, 3, 1, 6, 8, -2, 7, 1, 45),
(18, 'Veracruz', 'Luis "Pirata" Fuente', 5, 1, 3, 1, 5, 10, -5, 4, 1, 46),
(19, 'Dorados', 'Estadio Banorte', 0, 0, 0, 0, 0, 0, 0, 0, 2, 47),
(21, 'Lobos BUAP', '', 6, 2, 2, 2, 12, 10, 2, 8, 1, 49),
(22, 'Necaxa', '', 5, 2, 1, 2, 5, 5, 0, 8, 1, 50);

-- --------------------------------------------------------

--
-- Estructura de tabla para la tabla `jornada`
--

CREATE TABLE IF NOT EXISTS `jornada` (
  `cve_jornada` int(11) NOT NULL AUTO_INCREMENT,
  `fecha_inicio` date NOT NULL,
  `fecha_termino` date NOT NULL,
  `numero_jornada` int(11) NOT NULL,
  `dsjornada` varchar(45) DEFAULT NULL,
  PRIMARY KEY (`cve_jornada`)
) ENGINE=MyISAM  DEFAULT CHARSET=utf8 AUTO_INCREMENT=20 ;

--
-- Volcado de datos para la tabla `jornada`
--

INSERT INTO `jornada` (`cve_jornada`, `fecha_inicio`, `fecha_termino`, `numero_jornada`, `dsjornada`) VALUES
(1, '2017-07-21', '2017-07-23', 1, 'Jornada 1'),
(2, '2017-07-28', '2017-07-30', 2, 'Jornada 2'),
(3, '2017-08-04', '2017-08-06', 3, 'Jornada 3'),
(4, '2017-08-11', '2017-08-13', 4, 'Jornada 4'),
(5, '2017-08-18', '2017-08-20', 5, 'Jornada 5'),
(6, '2017-08-22', '2017-08-23', 6, 'Jornada 6'),
(7, '2017-08-25', '2017-08-27', 7, 'Jornada 7'),
(8, '2017-09-08', '2017-09-10', 8, 'Jornada 8'),
(9, '2017-09-15', '2017-09-17', 9, 'Jornada 9'),
(10, '2017-09-22', '2017-09-24', 10, ' Jornada 10'),
(11, '2017-09-26', '2017-09-27', 11, 'Jornada 11'),
(12, '2017-09-29', '2017-10-01', 12, 'Jornada 12'),
(13, '2017-10-13', '2017-10-15', 13, 'Jornada 13'),
(14, '2017-10-20', '2017-10-22', 14, 'Jornada 14'),
(15, '2017-10-27', '2017-10-29', 15, 'Jornada 15'),
(16, '2017-11-03', '2017-11-05', 16, 'Jornada 16'),
(17, '2017-11-17', '2017-11-19', 17, 'Jornada 17'),
(19, '2016-05-11', '2016-05-15', 18, 'Cuartos de Final');

-- --------------------------------------------------------

--
-- Estructura de tabla para la tabla `ligas_futbol`
--

CREATE TABLE IF NOT EXISTS `ligas_futbol` (
  `id_liga` int(11) NOT NULL,
  `nombre_liga` varchar(45) DEFAULT NULL,
  `pais_reside` varchar(30) NOT NULL,
  `logo_liga` int(11) NOT NULL,
  PRIMARY KEY (`id_liga`),
  KEY `logo_liga` (`logo_liga`)
) ENGINE=MyISAM DEFAULT CHARSET=latin1;

--
-- Volcado de datos para la tabla `ligas_futbol`
--

INSERT INTO `ligas_futbol` (`id_liga`, `nombre_liga`, `pais_reside`, `logo_liga`) VALUES
(1, 'Liga MX', '', 0);

-- --------------------------------------------------------

--
-- Estructura de tabla para la tabla `partido`
--

CREATE TABLE IF NOT EXISTS `partido` (
  `cve_partido` int(11) NOT NULL AUTO_INCREMENT,
  `fecha` date NOT NULL,
  `hora` time NOT NULL,
  `gollocal` int(11) DEFAULT NULL,
  `golvisitante` int(11) DEFAULT NULL,
  `resultado_partido` varchar(9) DEFAULT NULL,
  `eq_local` int(11) NOT NULL,
  `eq_visitante` int(11) NOT NULL,
  `Jornada_cve_jornada` int(11) NOT NULL,
  `stpartido` tinyint(1) NOT NULL DEFAULT '1',
  `motivo_cancel` varchar(60) DEFAULT NULL,
  `torneo_pertenece` int(11) NOT NULL DEFAULT '1',
  `aplico_tabla` int(11) DEFAULT '0',
  PRIMARY KEY (`cve_partido`),
  KEY `fk_Eq_local_idx` (`eq_local`),
  KEY `fk_Partido_Jornada1_idx` (`Jornada_cve_jornada`),
  KEY `fk_Eq_Visitante_idx` (`eq_visitante`),
  KEY `torneo_pertenece` (`torneo_pertenece`)
) ENGINE=MyISAM  DEFAULT CHARSET=utf8 AUTO_INCREMENT=55 ;

--
-- Volcado de datos para la tabla `partido`
--

INSERT INTO `partido` (`cve_partido`, `fecha`, `hora`, `gollocal`, `golvisitante`, `resultado_partido`, `eq_local`, `eq_visitante`, `Jornada_cve_jornada`, `stpartido`, `motivo_cancel`, `torneo_pertenece`, `aplico_tabla`) VALUES
(1, '2017-07-28', '19:00:00', 1, 1, 'empate', 13, 11, 2, 1, NULL, 1, 1),
(2, '2017-07-28', '21:00:00', 2, 1, 'local', 6, 14, 2, 1, NULL, 1, 1),
(3, '2017-07-29', '17:00:00', 1, 1, 'empate', 8, 9, 2, 1, NULL, 1, 1),
(4, '2017-07-29', '17:00:00', 0, 4, 'visitante', 15, 21, 2, 1, NULL, 1, 1),
(5, '2017-07-29', '19:00:00', 1, 0, 'local', 10, 18, 2, 1, NULL, 1, 1),
(6, '2017-07-29', '19:06:00', 0, 2, 'visitante', 12, 1, 2, 1, NULL, 1, 1),
(7, '2017-07-29', '21:00:00', 1, 0, 'local', 22, 17, 2, 1, NULL, 1, 1),
(8, '2017-07-30', '12:00:00', 3, 1, 'local', 2, 4, 2, 1, NULL, 1, 1),
(9, '2017-07-30', '18:30:00', 1, 1, 'empate', 3, 16, 2, 1, NULL, 1, 1),
(10, '2017-08-04', '19:00:00', 1, 1, 'empate', 11, 3, 3, 1, NULL, 1, 1),
(11, '2017-08-04', '21:00:00', 0, 3, 'visitante', 17, 10, 3, 1, NULL, 1, 1),
(12, '2017-08-05', '17:00:00', 3, 2, 'local', 21, 12, 3, 1, NULL, 1, 1),
(13, '2017-08-05', '19:00:00', 1, 1, 'empate', 16, 15, 3, 1, NULL, 1, 1),
(14, '2017-08-05', '19:06:00', 2, 2, 'empate', 4, 8, 3, 1, NULL, 1, 1),
(15, '2017-08-05', '21:00:00', 2, 1, 'local', 1, 14, 3, 1, NULL, 1, 1),
(16, '2017-08-05', '21:06:00', 2, 2, 'empate', 9, 22, 3, 1, NULL, 1, 1),
(17, '2017-08-06', '12:00:00', 3, 2, 'local', 2, 6, 3, 1, NULL, 1, 1),
(18, '2017-08-06', '18:30:00', 2, 0, 'local', 18, 13, 3, 1, NULL, 1, 0),
(19, '2017-08-11', '19:00:00', 1, 1, 'empate', 13, 17, 4, 1, NULL, 1, 1),
(20, '2017-08-11', '21:00:00', 0, 1, 'visitante', 6, 1, 4, 1, NULL, 1, 1),
(21, '2017-08-12', '17:00:00', 2, 1, 'local', 15, 11, 4, 1, NULL, 1, 1),
(22, '2017-08-12', '17:00:00', 0, 0, 'empate', 8, 2, 4, 1, NULL, 1, 1),
(23, '2017-08-12', '19:00:00', 4, 1, 'local', 10, 9, 4, 1, NULL, 1, 1),
(24, '2017-08-12', '19:06:00', 2, 1, 'local', 12, 16, 4, 1, NULL, 1, 1),
(25, '2017-08-12', '21:00:00', 0, 3, 'visitante', 22, 4, 4, 1, NULL, 1, 1),
(26, '2017-08-13', '12:00:00', 2, 0, 'local', 14, 21, 4, 1, NULL, 1, 1),
(27, '2017-08-13', '18:30:00', 2, 3, 'visitante', 3, 18, 4, 1, NULL, 1, 1),
(28, '2017-08-18', '21:00:00', 2, 0, 'local', 17, 3, 5, 1, NULL, 1, 1),
(29, '2017-08-18', '19:00:00', 1, 2, 'visitante', 11, 12, 5, 1, NULL, 1, 1),
(30, '2017-08-19', '17:00:00', 2, 3, 'visitante', 21, 1, 5, 1, NULL, 1, 1),
(31, '2017-08-19', '17:00:00', 2, 1, 'local', 8, 6, 5, 1, NULL, 1, 1),
(32, '2017-08-19', '19:00:00', 1, 0, 'local', 16, 14, 5, 1, NULL, 1, 1),
(33, '2017-08-19', '19:00:00', 1, 1, 'empate', 18, 15, 5, 1, NULL, 1, 1),
(34, '2017-08-19', '19:06:00', 1, 2, 'visitante', 4, 10, 5, 1, NULL, 1, 1),
(35, '2017-08-19', '19:06:00', 0, 1, 'visitante', 9, 13, 5, 1, NULL, 1, 1),
(36, '2017-08-20', '12:00:00', 0, 0, 'empate', 2, 22, 5, 1, NULL, 1, 1),
(37, '2017-08-22', '19:06:00', 4, 1, 'local', 12, 18, 6, 1, NULL, 1, 1),
(38, '2017-08-22', '20:30:00', 1, 1, 'empate', 6, 21, 6, 1, NULL, 1, 1),
(39, '2017-08-22', '21:00:00', 1, 2, 'visitante', 14, 11, 6, 1, NULL, 1, 1),
(40, '2017-08-22', '21:00:00', 1, 3, 'visitante', 15, 17, 6, 1, NULL, 1, 1),
(41, '2017-08-23', '19:00:00', 2, 2, 'empate', 1, 16, 6, 1, NULL, 1, 0),
(42, '2017-08-23', '20:00:00', 0, 1, 'visitante', 13, 4, 6, 1, NULL, 1, 0),
(43, '2017-08-23', '20:30:00', 1, 1, 'empate', 3, 9, 6, 1, NULL, 1, 0),
(44, '2017-08-23', '21:00:00', 1, 1, 'empate', 22, 8, 6, 1, NULL, 1, 0),
(45, '2017-08-23', '21:00:00', 4, 1, 'local', 10, 2, 6, 1, NULL, 1, 0),
(46, '2017-08-25', '21:00:00', NULL, NULL, '', 17, 12, 7, 1, '', 1, 0),
(47, '2017-08-26', '17:00:00', NULL, NULL, '', 8, 10, 7, 1, '', 1, 0),
(48, '2017-08-26', '19:00:00', NULL, NULL, '', 16, 21, 7, 1, '', 1, 0),
(49, '2017-08-26', '19:06:00', NULL, NULL, '', 4, 3, 7, 1, '', 1, 0),
(50, '2017-08-26', '20:00:00', NULL, NULL, '', 11, 1, 7, 1, '', 1, 0),
(51, '2017-08-26', '21:00:00', NULL, NULL, '', 22, 6, 7, 1, '', 1, 0),
(52, '2017-08-26', '21:06:00', NULL, NULL, '', 9, 15, 7, 1, '', 1, 0),
(53, '2017-08-27', '12:00:00', NULL, NULL, '', 2, 13, 7, 1, '', 1, 0),
(54, '2017-08-27', '18:30:00', NULL, NULL, '', 18, 14, 7, 1, '', 1, 0);

-- --------------------------------------------------------

--
-- Estructura de tabla para la tabla `puntuaciones`
--

CREATE TABLE IF NOT EXISTS `puntuaciones` (
  `id_puntuacion` int(11) NOT NULL AUTO_INCREMENT,
  `puntuacion` int(11) NOT NULL,
  `idusuario` int(11) NOT NULL,
  `jornada_cve_jornada` int(11) NOT NULL,
  PRIMARY KEY (`id_puntuacion`),
  KEY `idusuario` (`idusuario`),
  KEY `cve_jornada` (`jornada_cve_jornada`)
) ENGINE=MyISAM  DEFAULT CHARSET=latin1 AUTO_INCREMENT=290 ;

--
-- Volcado de datos para la tabla `puntuaciones`
--

INSERT INTO `puntuaciones` (`id_puntuacion`, `puntuacion`, `idusuario`, `jornada_cve_jornada`) VALUES
(278, 9, 6, 3),
(279, 9, 70, 3),
(280, 9, 26, 3),
(281, 9, 33, 3),
(282, 9, 22, 3),
(283, 9, 4, 3),
(284, 9, 12, 3),
(285, 9, 5, 3),
(286, 9, 15, 3),
(287, 9, 10, 3),
(288, 9, 9, 3),
(289, 9, 28, 3);

-- --------------------------------------------------------

--
-- Estructura de tabla para la tabla `quiniela`
--

CREATE TABLE IF NOT EXISTS `quiniela` (
  `cve_quiniela` int(11) NOT NULL AUTO_INCREMENT,
  `Jornada_cve_jornada` int(11) NOT NULL,
  `Usuario_idusu` int(11) NOT NULL,
  `Partido_cve_partido` int(11) NOT NULL,
  `resultado_quiniela` varchar(9) DEFAULT NULL,
  `comodin` varchar(9) DEFAULT NULL,
  `resultado_real` int(1) DEFAULT NULL,
  PRIMARY KEY (`cve_quiniela`),
  KEY `fk_Quiniela_Jornada1_idx` (`Jornada_cve_jornada`),
  KEY `fk_Quiniela_Usuario1_idx` (`Usuario_idusu`),
  KEY `fk_Quiniela_Partido1_idx` (`Partido_cve_partido`)
) ENGINE=MyISAM  DEFAULT CHARSET=utf8 AUTO_INCREMENT=1081 ;

--
-- Volcado de datos para la tabla `quiniela`
--

INSERT INTO `quiniela` (`cve_quiniela`, `Jornada_cve_jornada`, `Usuario_idusu`, `Partido_cve_partido`, `resultado_quiniela`, `comodin`, `resultado_real`) VALUES
(1, 2, 6, 1, 'local', NULL, 0),
(2, 2, 6, 2, 'visitante', NULL, 0),
(3, 2, 6, 3, 'empate', NULL, 1),
(4, 2, 6, 4, 'local', 'empate', 0),
(5, 2, 6, 5, 'visitante', NULL, 0),
(6, 2, 6, 6, 'local', NULL, 0),
(7, 2, 6, 7, 'local', NULL, 1),
(8, 2, 6, 8, 'visitante', NULL, 0),
(9, 2, 6, 9, 'empate', NULL, 1),
(10, 2, 101, 1, 'local', 'empate', 1),
(11, 2, 101, 2, 'local', NULL, 1),
(12, 2, 101, 3, 'local', NULL, 0),
(13, 2, 101, 4, 'empate', NULL, 0),
(14, 2, 101, 5, 'local', NULL, 1),
(15, 2, 101, 6, 'empate', NULL, 0),
(16, 2, 101, 7, 'local', NULL, 1),
(17, 2, 101, 8, 'local', NULL, 1),
(18, 2, 101, 9, 'visitante', NULL, 0),
(19, 2, 28, 1, 'local', NULL, 0),
(20, 2, 28, 2, 'local', NULL, 1),
(21, 2, 28, 3, 'local', 'empate', 1),
(22, 2, 28, 4, 'visitante', NULL, 1),
(23, 2, 28, 5, 'local', NULL, 1),
(24, 2, 28, 6, 'visitante', NULL, 1),
(25, 2, 28, 7, 'local', NULL, 1),
(26, 2, 28, 8, 'local', NULL, 1),
(27, 2, 28, 9, 'visitante', NULL, 0),
(28, 2, 15, 1, 'visitante', NULL, 0),
(29, 2, 15, 2, 'visitante', NULL, 0),
(30, 2, 15, 3, 'empate', 'visitante', 1),
(31, 2, 15, 4, 'local', NULL, 0),
(32, 2, 15, 5, 'local', NULL, 1),
(33, 2, 15, 6, 'empate', NULL, 0),
(34, 2, 15, 7, 'empate', NULL, 0),
(35, 2, 15, 8, 'local', NULL, 1),
(36, 2, 15, 9, 'visitante', NULL, 0),
(37, 2, 26, 1, 'visitante', NULL, 0),
(38, 2, 26, 2, 'local', NULL, 1),
(39, 2, 26, 3, 'empate', 'visitante', 1),
(40, 2, 26, 4, 'local', NULL, 0),
(41, 2, 26, 5, 'local', NULL, 1),
(42, 2, 26, 6, 'local', NULL, 0),
(43, 2, 26, 7, 'local', NULL, 1),
(44, 2, 26, 8, 'empate', NULL, 0),
(45, 2, 26, 9, 'visitante', NULL, 0),
(46, 2, 114, 1, 'local', NULL, 0),
(47, 2, 114, 2, 'local', NULL, 1),
(48, 2, 114, 3, 'empate', NULL, 1),
(49, 2, 114, 4, 'local', NULL, 0),
(50, 2, 114, 5, 'empate', NULL, 0),
(51, 2, 114, 6, 'local', 'visitante', 1),
(52, 2, 114, 7, 'empate', NULL, 0),
(53, 2, 114, 8, 'visitante', NULL, 0),
(54, 2, 114, 9, 'visitante', NULL, 0),
(55, 2, 13, 1, 'local', NULL, 0),
(56, 2, 13, 2, 'empate', NULL, 0),
(57, 2, 13, 3, 'empate', NULL, 1),
(58, 2, 13, 4, 'visitante', NULL, 1),
(59, 2, 13, 5, 'local', NULL, 1),
(60, 2, 13, 6, 'empate', 'visitante', 1),
(61, 2, 13, 7, 'local', NULL, 1),
(62, 2, 13, 8, 'local', NULL, 1),
(63, 2, 13, 9, 'visitante', NULL, 0),
(64, 2, 5, 1, 'visitante', NULL, 0),
(65, 2, 5, 2, 'local', NULL, 1),
(66, 2, 5, 3, 'local', NULL, 0),
(67, 2, 5, 4, 'local', NULL, 0),
(68, 2, 5, 5, 'local', NULL, 1),
(69, 2, 5, 6, 'local', 'visitante', 1),
(70, 2, 5, 7, 'visitante', NULL, 0),
(71, 2, 5, 8, 'local', NULL, 1),
(72, 2, 5, 9, 'visitante', NULL, 0),
(73, 2, 126, 1, 'empate', NULL, 1),
(74, 2, 126, 2, 'local', NULL, 1),
(75, 2, 126, 3, 'local', NULL, 0),
(76, 2, 126, 4, 'local', NULL, 0),
(77, 2, 126, 5, 'local', NULL, 1),
(78, 2, 126, 6, 'empate', NULL, 0),
(79, 2, 126, 7, 'local', 'empate', 1),
(80, 2, 126, 8, 'visitante', NULL, 0),
(81, 2, 126, 9, 'visitante', NULL, 0),
(82, 2, 70, 1, 'visitante', NULL, 0),
(83, 2, 70, 2, 'local', NULL, 1),
(84, 2, 70, 3, 'visitante', NULL, 0),
(85, 2, 70, 4, 'empate', NULL, 0),
(86, 2, 70, 5, 'visitante', NULL, 0),
(87, 2, 70, 6, 'local', NULL, 0),
(88, 2, 70, 7, 'empate', NULL, 0),
(89, 2, 70, 8, 'visitante', NULL, 0),
(90, 2, 70, 9, 'local', 'visitante', 0),
(91, 2, 4, 1, 'empate', NULL, 1),
(92, 2, 4, 2, 'local', NULL, 1),
(93, 2, 4, 3, 'visitante', NULL, 0),
(94, 2, 4, 4, 'visitante', NULL, 1),
(95, 2, 4, 5, 'local', NULL, 1),
(96, 2, 4, 6, 'local', 'empate', 0),
(97, 2, 4, 7, 'local', NULL, 1),
(98, 2, 4, 8, 'empate', NULL, 0),
(99, 2, 4, 9, 'visitante', NULL, 0),
(100, 2, 22, 1, 'visitante', NULL, 0),
(101, 2, 22, 2, 'local', NULL, 1),
(102, 2, 22, 3, 'local', 'empate', 1),
(103, 2, 22, 4, 'local', NULL, 0),
(104, 2, 22, 5, 'local', NULL, 1),
(105, 2, 22, 6, 'visitante', NULL, 1),
(106, 2, 22, 7, 'empate', NULL, 0),
(107, 2, 22, 8, 'local', NULL, 1),
(108, 2, 22, 9, 'visitante', NULL, 0),
(109, 2, 37, 1, 'empate', NULL, 1),
(110, 2, 37, 2, 'local', NULL, 1),
(111, 2, 37, 3, 'local', 'visitante', 0),
(112, 2, 37, 4, 'empate', NULL, 0),
(113, 2, 37, 5, 'local', NULL, 1),
(114, 2, 37, 6, 'visitante', NULL, 1),
(115, 2, 37, 7, 'local', NULL, 1),
(116, 2, 37, 8, 'local', NULL, 1),
(117, 2, 37, 9, 'local', NULL, 0),
(118, 2, 16, 1, 'empate', NULL, 1),
(119, 2, 16, 2, 'local', NULL, 1),
(120, 2, 16, 3, 'local', 'visitante', 0),
(121, 2, 16, 4, 'local', NULL, 0),
(122, 2, 16, 5, 'local', NULL, 1),
(123, 2, 16, 6, 'empate', NULL, 0),
(124, 2, 16, 7, 'local', NULL, 1),
(125, 2, 16, 8, 'local', NULL, 1),
(126, 2, 16, 9, 'visitante', NULL, 0),
(127, 2, 33, 1, 'empate', NULL, 1),
(128, 2, 33, 2, 'empate', NULL, 0),
(129, 2, 33, 3, 'local', 'empate', 1),
(130, 2, 33, 4, 'local', NULL, 0),
(131, 2, 33, 5, 'local', NULL, 1),
(132, 2, 33, 6, 'visitante', NULL, 1),
(133, 2, 33, 7, 'visitante', NULL, 0),
(134, 2, 33, 8, 'empate', NULL, 0),
(135, 2, 33, 9, 'visitante', NULL, 0),
(136, 2, 10, 1, 'empate', NULL, 1),
(137, 2, 10, 2, 'local', NULL, 1),
(138, 2, 10, 3, 'empate', 'visitante', 1),
(139, 2, 10, 4, 'visitante', NULL, 1),
(140, 2, 10, 5, 'local', NULL, 1),
(141, 2, 10, 6, 'empate', NULL, 0),
(142, 2, 10, 7, 'empate', NULL, 0),
(143, 2, 10, 8, 'local', NULL, 1),
(144, 2, 10, 9, 'visitante', NULL, 0),
(145, 2, 69, 1, 'visitante', NULL, 0),
(146, 2, 69, 2, 'visitante', NULL, 0),
(147, 2, 69, 3, 'local', 'visitante', 0),
(148, 2, 69, 4, 'local', NULL, 0),
(149, 2, 69, 5, 'local', NULL, 1),
(150, 2, 69, 6, 'empate', NULL, 0),
(151, 2, 69, 7, 'empate', NULL, 0),
(152, 2, 69, 8, 'local', NULL, 1),
(153, 2, 69, 9, 'visitante', NULL, 0),
(154, 2, 11, 1, 'local', NULL, 0),
(155, 2, 11, 2, 'visitante', NULL, 0),
(156, 2, 11, 3, 'empate', NULL, 1),
(157, 2, 11, 4, 'local', NULL, 0),
(158, 2, 11, 5, 'visitante', NULL, 0),
(159, 2, 11, 6, 'local', 'visitante', 1),
(160, 2, 11, 7, 'local', NULL, 1),
(161, 2, 11, 8, 'local', NULL, 1),
(162, 2, 11, 9, 'visitante', NULL, 0),
(163, 3, 6, 10, 'local', NULL, 0),
(164, 3, 6, 11, 'visitante', NULL, 1),
(165, 3, 6, 12, 'local', 'visitante', 1),
(166, 3, 6, 13, 'local', NULL, 0),
(167, 3, 6, 14, 'visitante', NULL, 0),
(168, 3, 6, 15, 'empate', NULL, 0),
(169, 3, 6, 16, 'local', NULL, 0),
(170, 3, 6, 17, 'visitante', NULL, 0),
(171, 3, 6, 18, 'local', NULL, 1),
(172, 3, 5, 10, 'local', NULL, 0),
(173, 3, 5, 11, 'local', NULL, 0),
(174, 3, 5, 12, 'visitante', NULL, 0),
(175, 3, 5, 13, 'local', 'visitante', 0),
(176, 3, 5, 14, 'local', NULL, 0),
(177, 3, 5, 15, 'local', NULL, 1),
(178, 3, 5, 16, 'local', NULL, 0),
(179, 3, 5, 17, 'local', NULL, 1),
(180, 3, 5, 18, 'local', NULL, 1),
(181, 3, 4, 10, 'empate', NULL, 1),
(182, 3, 4, 11, 'visitante', NULL, 1),
(183, 3, 4, 12, 'local', NULL, 1),
(184, 3, 4, 13, 'local', NULL, 0),
(185, 3, 4, 14, 'empate', NULL, 1),
(186, 3, 4, 15, 'local', 'empate', 1),
(187, 3, 4, 16, 'local', NULL, 0),
(188, 3, 4, 17, 'visitante', NULL, 0),
(189, 3, 4, 18, 'local', NULL, 1),
(190, 3, 26, 10, 'local', NULL, 0),
(191, 3, 26, 11, 'visitante', NULL, 1),
(192, 3, 26, 12, 'local', NULL, 1),
(193, 3, 26, 13, 'local', NULL, 0),
(194, 3, 26, 14, 'local', 'visitante', 0),
(195, 3, 26, 15, 'empate', NULL, 0),
(196, 3, 26, 16, 'local', NULL, 0),
(197, 3, 26, 17, 'visitante', NULL, 0),
(198, 3, 26, 18, 'visitante', NULL, 0),
(199, 3, 70, 10, 'empate', NULL, 1),
(200, 3, 70, 11, 'visitante', NULL, 1),
(201, 3, 70, 12, 'visitante', NULL, 0),
(202, 3, 70, 13, 'local', NULL, 0),
(203, 3, 70, 14, 'local', NULL, 0),
(204, 3, 70, 15, 'empate', NULL, 0),
(205, 3, 70, 16, 'local', NULL, 0),
(206, 3, 70, 17, 'empate', NULL, 0),
(207, 3, 70, 18, 'local', 'visitante', 1),
(208, 3, 33, 10, 'visitante', NULL, 0),
(209, 3, 33, 11, 'empate', NULL, 0),
(210, 3, 33, 12, 'visitante', NULL, 0),
(211, 3, 33, 13, 'local', 'visitante', 0),
(212, 3, 33, 14, 'local', NULL, 0),
(213, 3, 33, 15, 'empate', NULL, 0),
(214, 3, 33, 16, 'local', NULL, 0),
(215, 3, 33, 17, 'visitante', NULL, 0),
(216, 3, 33, 18, 'visitante', NULL, 0),
(217, 3, 22, 10, 'empate', NULL, 1),
(218, 3, 22, 11, 'visitante', NULL, 1),
(219, 3, 22, 12, 'local', NULL, 1),
(220, 3, 22, 13, 'local', NULL, 0),
(221, 3, 22, 14, 'visitante', NULL, 0),
(222, 3, 22, 15, 'local', 'empate', 1),
(223, 3, 22, 16, 'local', NULL, 0),
(224, 3, 22, 17, 'local', NULL, 1),
(225, 3, 22, 18, 'empate', NULL, 0),
(226, 3, 10, 10, 'local', NULL, 0),
(227, 3, 10, 11, 'visitante', NULL, 1),
(228, 3, 10, 12, 'local', NULL, 1),
(229, 3, 10, 13, 'local', NULL, 0),
(230, 3, 10, 14, 'empate', NULL, 1),
(231, 3, 10, 15, 'local', 'empate', 1),
(232, 3, 10, 16, 'local', NULL, 0),
(233, 3, 10, 17, 'visitante', NULL, 0),
(234, 3, 10, 18, 'visitante', NULL, 0),
(235, 3, 15, 10, 'local', NULL, 0),
(236, 3, 15, 11, 'visitante', NULL, 1),
(237, 3, 15, 12, 'local', NULL, 1),
(238, 3, 15, 13, 'local', 'empate', 1),
(239, 3, 15, 14, 'empate', NULL, 1),
(240, 3, 15, 15, 'visitante', NULL, 0),
(241, 3, 15, 16, 'local', NULL, 0),
(242, 3, 15, 17, 'visitante', NULL, 0),
(243, 3, 15, 18, 'visitante', NULL, 0),
(244, 3, 128, 10, 'empate', 'visitante', 1),
(245, 3, 128, 11, 'visitante', NULL, 1),
(246, 3, 128, 12, 'local', NULL, 1),
(247, 3, 128, 13, 'local', NULL, 0),
(248, 3, 128, 14, 'empate', NULL, 1),
(249, 3, 128, 15, 'empate', NULL, 0),
(250, 3, 128, 16, 'local', NULL, 0),
(251, 3, 128, 17, 'visitante', NULL, 0),
(252, 3, 128, 18, 'local', NULL, 1),
(253, 3, 127, 10, 'visitante', NULL, 0),
(254, 3, 127, 11, 'empate', NULL, 0),
(255, 3, 127, 12, 'local', NULL, 1),
(256, 3, 127, 13, 'empate', NULL, 1),
(257, 3, 127, 14, 'visitante', NULL, 0),
(258, 3, 127, 15, 'local', NULL, 1),
(259, 3, 127, 16, 'empate', NULL, 1),
(260, 3, 127, 17, 'local', 'empate', 1),
(261, 3, 127, 18, 'local', NULL, 1),
(262, 3, 37, 10, 'local', NULL, 0),
(263, 3, 37, 11, 'local', NULL, 0),
(264, 3, 37, 12, 'local', NULL, 1),
(265, 3, 37, 13, 'local', NULL, 0),
(266, 3, 37, 14, 'visitante', NULL, 0),
(267, 3, 37, 15, 'local', NULL, 1),
(268, 3, 37, 16, 'empate', NULL, 1),
(269, 3, 37, 17, 'local', 'visitante', 1),
(270, 3, 37, 18, 'local', NULL, 1),
(271, 3, 28, 10, 'visitante', NULL, 0),
(272, 3, 28, 11, 'visitante', NULL, 1),
(273, 3, 28, 12, 'local', NULL, 1),
(274, 3, 28, 13, 'local', NULL, 0),
(275, 3, 28, 14, 'visitante', NULL, 0),
(276, 3, 28, 15, 'local', NULL, 1),
(277, 3, 28, 16, 'local', 'visitante', 0),
(278, 3, 28, 17, 'local', NULL, 1),
(279, 3, 28, 18, 'local', NULL, 1),
(280, 3, 129, 10, 'local', NULL, 0),
(281, 3, 129, 11, 'local', NULL, 0),
(282, 3, 129, 12, 'local', NULL, 1),
(283, 3, 129, 13, 'local', NULL, 0),
(284, 3, 129, 14, 'empate', 'visitante', 1),
(285, 3, 129, 15, 'local', NULL, 1),
(286, 3, 129, 16, 'local', NULL, 0),
(287, 3, 129, 17, 'local', NULL, 1),
(288, 3, 129, 18, 'visitante', NULL, 0),
(289, 3, 131, 10, 'local', NULL, 0),
(290, 3, 131, 11, 'visitante', NULL, 1),
(291, 3, 131, 12, 'visitante', NULL, 0),
(292, 3, 131, 13, 'local', 'visitante', 0),
(293, 3, 131, 14, 'visitante', NULL, 0),
(294, 3, 131, 15, 'local', NULL, 1),
(295, 3, 131, 16, 'local', NULL, 0),
(296, 3, 131, 17, 'visitante', NULL, 0),
(297, 3, 131, 18, 'empate', NULL, 0),
(298, 3, 101, 10, 'local', NULL, 0),
(299, 3, 101, 11, 'local', 'empate', 0),
(300, 3, 101, 12, 'local', NULL, 1),
(301, 3, 101, 13, 'local', NULL, 0),
(302, 3, 101, 14, 'visitante', NULL, 0),
(303, 3, 101, 15, 'local', NULL, 1),
(304, 3, 101, 16, 'local', NULL, 0),
(305, 3, 101, 17, 'local', NULL, 1),
(306, 3, 101, 18, 'local', NULL, 1),
(307, 3, 133, 10, 'visitante', NULL, 0),
(308, 3, 133, 11, 'empate', NULL, 0),
(309, 3, 133, 12, 'local', 'visitante', 1),
(310, 3, 133, 13, 'local', NULL, 0),
(311, 3, 133, 14, 'visitante', NULL, 0),
(312, 3, 133, 15, 'empate', NULL, 0),
(313, 3, 133, 16, 'visitante', NULL, 0),
(314, 3, 133, 17, 'empate', NULL, 0),
(315, 3, 133, 18, 'visitante', NULL, 0),
(316, 3, 13, 10, 'local', NULL, 0),
(317, 3, 13, 11, 'visitante', NULL, 1),
(318, 3, 13, 12, 'local', 'visitante', 1),
(319, 3, 13, 13, 'local', NULL, 0),
(320, 3, 13, 14, 'visitante', NULL, 0),
(321, 3, 13, 15, 'local', NULL, 1),
(322, 3, 13, 16, 'empate', NULL, 1),
(323, 3, 13, 17, 'visitante', NULL, 0),
(324, 3, 13, 18, 'empate', NULL, 0),
(325, 3, 7, 10, 'empate', NULL, 1),
(326, 3, 7, 11, 'local', NULL, 0),
(327, 3, 7, 12, 'empate', NULL, 0),
(328, 3, 7, 13, 'visitante', NULL, 0),
(329, 3, 7, 14, 'local', NULL, 0),
(330, 3, 7, 15, 'local', 'visitante', 1),
(331, 3, 7, 16, 'visitante', NULL, 0),
(332, 3, 7, 17, 'local', NULL, 1),
(333, 3, 7, 18, 'local', NULL, 1),
(334, 4, 70, 19, 'local', 'empate', 1),
(335, 4, 70, 20, 'empate', NULL, 0),
(336, 4, 70, 21, 'visitante', NULL, 0),
(337, 4, 70, 22, 'empate', NULL, 1),
(338, 4, 70, 23, 'visitante', NULL, 0),
(339, 4, 70, 24, 'empate', NULL, 0),
(340, 4, 70, 25, 'empate', NULL, 0),
(341, 4, 70, 26, 'local', NULL, 1),
(342, 4, 70, 27, 'empate', NULL, 0),
(343, 4, 13, 19, 'local', NULL, 0),
(344, 4, 13, 20, 'empate', 'visitante', 1),
(345, 4, 13, 21, 'empate', NULL, 0),
(346, 4, 13, 22, 'local', NULL, 0),
(347, 4, 13, 23, 'local', NULL, 1),
(348, 4, 13, 24, 'local', NULL, 1),
(349, 4, 13, 25, 'local', NULL, 0),
(350, 4, 13, 26, 'local', NULL, 1),
(351, 4, 13, 27, 'visitante', NULL, 1),
(352, 4, 28, 19, 'empate', NULL, 1),
(353, 4, 28, 20, 'visitante', NULL, 1),
(354, 4, 28, 21, 'local', NULL, 1),
(355, 4, 28, 22, 'local', NULL, 0),
(356, 4, 28, 23, 'local', 'empate', 1),
(357, 4, 28, 24, 'visitante', NULL, 0),
(358, 4, 28, 25, 'local', NULL, 0),
(359, 4, 28, 26, 'visitante', NULL, 0),
(360, 4, 28, 27, 'local', NULL, 0),
(361, 4, 37, 19, 'visitante', NULL, 0),
(362, 4, 37, 20, 'visitante', NULL, 1),
(363, 4, 37, 21, 'visitante', NULL, 0),
(364, 4, 37, 22, 'empate', NULL, 1),
(365, 4, 37, 23, 'local', 'visitante', 1),
(366, 4, 37, 24, 'local', NULL, 1),
(367, 4, 37, 25, 'local', NULL, 0),
(368, 4, 37, 26, 'visitante', NULL, 0),
(369, 4, 37, 27, 'empate', NULL, 0),
(370, 4, 4, 19, 'empate', NULL, 1),
(371, 4, 4, 20, 'visitante', NULL, 1),
(372, 4, 4, 21, 'local', 'empate', 1),
(373, 4, 4, 22, 'visitante', NULL, 0),
(374, 4, 4, 23, 'visitante', NULL, 0),
(375, 4, 4, 24, 'visitante', NULL, 0),
(376, 4, 4, 25, 'local', NULL, 0),
(377, 4, 4, 26, 'visitante', NULL, 0),
(378, 4, 4, 27, 'local', NULL, 0),
(379, 4, 101, 19, 'empate', NULL, 1),
(380, 4, 101, 20, 'visitante', NULL, 1),
(381, 4, 101, 21, 'local', 'empate', 1),
(382, 4, 101, 22, 'local', NULL, 0),
(383, 4, 101, 23, 'empate', NULL, 0),
(384, 4, 101, 24, 'visitante', NULL, 0),
(385, 4, 101, 25, 'local', NULL, 0),
(386, 4, 101, 26, 'visitante', NULL, 0),
(387, 4, 101, 27, 'local', NULL, 0),
(388, 4, 127, 19, 'local', NULL, 0),
(389, 4, 127, 20, 'visitante', NULL, 1),
(390, 4, 127, 21, 'local', NULL, 1),
(391, 4, 127, 22, 'empate', 'visitante', 1),
(392, 4, 127, 23, 'local', NULL, 1),
(393, 4, 127, 24, 'empate', NULL, 0),
(394, 4, 127, 25, 'local', NULL, 0),
(395, 4, 127, 26, 'empate', NULL, 0),
(396, 4, 127, 27, 'local', NULL, 0),
(397, 4, 128, 19, 'visitante', NULL, 0),
(398, 4, 128, 20, 'visitante', NULL, 1),
(399, 4, 128, 21, 'local', NULL, 1),
(400, 4, 128, 22, 'visitante', NULL, 0),
(401, 4, 128, 23, 'local', 'empate', 1),
(402, 4, 128, 24, 'visitante', NULL, 0),
(403, 4, 128, 25, 'local', NULL, 0),
(404, 4, 128, 26, 'visitante', NULL, 0),
(405, 4, 128, 27, 'local', NULL, 0),
(406, 4, 6, 19, 'empate', NULL, 1),
(407, 4, 6, 20, 'local', NULL, 0),
(408, 4, 6, 21, 'visitante', NULL, 0),
(409, 4, 6, 22, 'visitante', NULL, 0),
(410, 4, 6, 23, 'empate', 'visitante', 0),
(411, 4, 6, 24, 'local', NULL, 1),
(412, 4, 6, 25, 'visitante', NULL, 1),
(413, 4, 6, 26, 'local', NULL, 1),
(414, 4, 6, 27, 'local', NULL, 0),
(415, 4, 5, 19, 'visitante', NULL, 0),
(416, 4, 5, 20, 'visitante', NULL, 1),
(417, 4, 5, 21, 'local', NULL, 1),
(418, 4, 5, 22, 'local', 'visitante', 0),
(419, 4, 5, 23, 'local', NULL, 1),
(420, 4, 5, 24, 'visitante', NULL, 0),
(421, 4, 5, 25, 'local', NULL, 0),
(422, 4, 5, 26, 'local', NULL, 1),
(423, 4, 5, 27, 'local', NULL, 0),
(424, 4, 126, 19, 'visitante', NULL, 0),
(425, 4, 126, 20, 'empate', NULL, 0),
(426, 4, 126, 21, 'empate', NULL, 0),
(427, 4, 126, 22, 'local', 'empate', 1),
(428, 4, 126, 23, 'local', NULL, 1),
(429, 4, 126, 24, 'local', NULL, 1),
(430, 4, 126, 25, 'visitante', NULL, 1),
(431, 4, 126, 26, 'local', NULL, 1),
(432, 4, 126, 27, 'local', NULL, 0),
(433, 4, 117, 19, 'local', NULL, 0),
(434, 4, 117, 20, 'visitante', NULL, 1),
(435, 4, 117, 21, 'empate', NULL, 0),
(436, 4, 117, 22, 'local', NULL, 0),
(437, 4, 117, 23, 'local', 'visitante', 1),
(438, 4, 117, 24, 'visitante', NULL, 0),
(439, 4, 117, 25, 'local', NULL, 0),
(440, 4, 117, 26, 'visitante', NULL, 0),
(441, 4, 117, 27, 'local', NULL, 0),
(442, 4, 134, 19, 'visitante', NULL, 0),
(443, 4, 134, 20, 'visitante', NULL, 1),
(444, 4, 134, 21, 'empate', NULL, 0),
(445, 4, 134, 22, 'local', NULL, 0),
(446, 4, 134, 23, 'visitante', NULL, 0),
(447, 4, 134, 24, 'local', 'visitante', 1),
(448, 4, 134, 25, 'visitante', NULL, 1),
(449, 4, 134, 26, 'local', NULL, 1),
(450, 4, 134, 27, 'local', NULL, 0),
(451, 4, 15, 19, 'empate', NULL, 1),
(452, 4, 15, 20, 'empate', NULL, 0),
(453, 4, 15, 21, 'local', NULL, 1),
(454, 4, 15, 22, 'empate', NULL, 1),
(455, 4, 15, 23, 'empate', 'visitante', 0),
(456, 4, 15, 24, 'visitante', NULL, 0),
(457, 4, 15, 25, 'visitante', NULL, 1),
(458, 4, 15, 26, 'visitante', NULL, 0),
(459, 4, 15, 27, 'local', NULL, 0),
(460, 4, 26, 19, 'local', NULL, 0),
(461, 4, 26, 20, 'local', NULL, 0),
(462, 4, 26, 21, 'local', NULL, 1),
(463, 4, 26, 22, 'visitante', NULL, 0),
(464, 4, 26, 23, 'visitante', NULL, 0),
(465, 4, 26, 24, 'visitante', NULL, 0),
(466, 4, 26, 25, 'local', 'visitante', 1),
(467, 4, 26, 26, 'visitante', NULL, 0),
(468, 4, 26, 27, 'local', NULL, 0),
(469, 4, 22, 19, 'local', NULL, 0),
(470, 4, 22, 20, 'visitante', NULL, 1),
(471, 4, 22, 21, 'empate', NULL, 0),
(472, 4, 22, 22, 'local', NULL, 0),
(473, 4, 22, 23, 'empate', NULL, 0),
(474, 4, 22, 24, 'local', NULL, 1),
(475, 4, 22, 25, 'visitante', NULL, 1),
(476, 4, 22, 26, 'empate', 'visitante', 0),
(477, 4, 22, 27, 'local', NULL, 0),
(478, 4, 33, 19, 'local', NULL, 0),
(479, 4, 33, 20, 'visitante', NULL, 1),
(480, 4, 33, 21, 'visitante', NULL, 0),
(481, 4, 33, 22, 'empate', NULL, 1),
(482, 4, 33, 23, 'empate', 'visitante', 0),
(483, 4, 33, 24, 'visitante', NULL, 0),
(484, 4, 33, 25, 'visitante', NULL, 1),
(485, 4, 33, 26, 'local', NULL, 1),
(486, 4, 33, 27, 'local', NULL, 0),
(487, 4, 32, 19, 'visitante', NULL, 0),
(488, 4, 32, 20, 'empate', NULL, 0),
(489, 4, 32, 21, 'empate', NULL, 0),
(490, 4, 32, 22, 'local', NULL, 0),
(491, 4, 32, 23, 'local', NULL, 1),
(492, 4, 32, 24, 'empate', NULL, 0),
(493, 4, 32, 25, 'local', NULL, 0),
(494, 4, 32, 26, 'empate', 'visitante', 0),
(495, 4, 32, 27, 'local', NULL, 0),
(496, 4, 10, 19, 'local', NULL, 0),
(497, 4, 10, 20, 'local', NULL, 0),
(498, 4, 10, 21, 'empate', NULL, 0),
(499, 4, 10, 22, 'empate', 'visitante', 1),
(500, 4, 10, 23, 'visitante', NULL, 0),
(501, 4, 10, 24, 'visitante', NULL, 0),
(502, 4, 10, 25, 'local', NULL, 0),
(503, 4, 10, 26, 'visitante', NULL, 0),
(504, 4, 10, 27, 'local', NULL, 0),
(505, 4, 7, 19, 'empate', NULL, 1),
(506, 4, 7, 20, 'empate', 'visitante', 1),
(507, 4, 7, 21, 'empate', NULL, 0),
(508, 4, 7, 22, 'empate', NULL, 1),
(509, 4, 7, 23, 'visitante', NULL, 0),
(510, 4, 7, 24, 'visitante', NULL, 0),
(511, 4, 7, 25, 'local', NULL, 0),
(512, 4, 7, 26, 'local', NULL, 1),
(513, 4, 7, 27, 'visitante', NULL, 1),
(514, 4, 11, 19, 'local', NULL, 0),
(515, 4, 11, 20, 'visitante', NULL, 1),
(516, 4, 11, 21, 'local', NULL, 1),
(517, 4, 11, 22, 'local', 'visitante', 0),
(518, 4, 11, 23, 'local', NULL, 1),
(519, 4, 11, 24, 'visitante', NULL, 0),
(520, 4, 11, 25, 'local', NULL, 0),
(521, 4, 11, 26, 'visitante', NULL, 0),
(522, 4, 11, 27, 'local', NULL, 0),
(523, 4, 115, 19, 'visitante', NULL, 0),
(524, 4, 115, 20, 'visitante', NULL, 1),
(525, 4, 115, 21, 'local', NULL, 1),
(526, 4, 115, 22, 'local', 'visitante', 0),
(527, 4, 115, 23, 'local', NULL, 1),
(528, 4, 115, 24, 'visitante', NULL, 0),
(529, 4, 115, 25, 'local', NULL, 0),
(530, 4, 115, 26, 'local', NULL, 1),
(531, 4, 115, 27, 'local', NULL, 0),
(532, 5, 7, 28, 'visitante', NULL, 0),
(533, 5, 7, 29, 'empate', NULL, 0),
(534, 5, 7, 30, 'visitante', NULL, 1),
(535, 5, 7, 31, 'empate', NULL, 0),
(536, 5, 7, 32, 'local', NULL, 1),
(537, 5, 7, 33, 'local', NULL, 0),
(538, 5, 7, 34, 'visitante', NULL, 1),
(539, 5, 7, 35, 'empate', NULL, 0),
(540, 5, 7, 36, 'local', 'visitante', 0),
(541, 5, 101, 28, 'empate', NULL, 0),
(542, 5, 101, 29, 'local', NULL, 0),
(543, 5, 101, 30, 'visitante', NULL, 1),
(544, 5, 101, 31, 'local', NULL, 1),
(545, 5, 101, 32, 'local', NULL, 1),
(546, 5, 101, 33, 'local', NULL, 0),
(547, 5, 101, 34, 'empate', 'visitante', 1),
(548, 5, 101, 35, 'local', NULL, 0),
(549, 5, 101, 36, 'local', NULL, 0),
(550, 5, 37, 28, 'empate', NULL, 0),
(551, 5, 37, 29, 'empate', NULL, 0),
(552, 5, 37, 30, 'visitante', NULL, 1),
(553, 5, 37, 31, 'local', NULL, 1),
(554, 5, 37, 32, 'local', NULL, 1),
(555, 5, 37, 33, 'local', NULL, 0),
(556, 5, 37, 34, 'visitante', NULL, 1),
(557, 5, 37, 35, 'local', NULL, 0),
(558, 5, 37, 36, 'local', 'visitante', 0),
(559, 5, 4, 28, 'empate', NULL, 0),
(560, 5, 4, 29, 'visitante', NULL, 1),
(561, 5, 4, 30, 'local', 'visitante', 1),
(562, 5, 4, 31, 'visitante', NULL, 0),
(563, 5, 4, 32, 'local', NULL, 1),
(564, 5, 4, 33, 'local', NULL, 0),
(565, 5, 4, 34, 'visitante', NULL, 1),
(566, 5, 4, 35, 'local', NULL, 0),
(567, 5, 4, 36, 'local', NULL, 0),
(568, 5, 28, 28, 'empate', NULL, 0),
(569, 5, 28, 29, 'visitante', NULL, 1),
(570, 5, 28, 30, 'visitante', NULL, 1),
(571, 5, 28, 31, 'local', NULL, 1),
(572, 5, 28, 32, 'local', NULL, 1),
(573, 5, 28, 33, 'local', NULL, 0),
(574, 5, 28, 34, 'local', 'visitante', 1),
(575, 5, 28, 35, 'local', NULL, 0),
(576, 5, 28, 36, 'local', NULL, 0),
(577, 5, 13, 28, 'visitante', NULL, 0),
(578, 5, 13, 29, 'visitante', NULL, 1),
(579, 5, 13, 30, 'local', 'visitante', 1),
(580, 5, 13, 31, 'visitante', NULL, 0),
(581, 5, 13, 32, 'local', NULL, 1),
(582, 5, 13, 33, 'empate', NULL, 1),
(583, 5, 13, 34, 'visitante', NULL, 1),
(584, 5, 13, 35, 'empate', NULL, 0),
(585, 5, 13, 36, 'local', NULL, 0),
(586, 5, 127, 28, 'visitante', NULL, 0),
(587, 5, 127, 29, 'local', NULL, 0),
(588, 5, 127, 30, 'empate', 'visitante', 1),
(589, 5, 127, 31, 'empate', NULL, 0),
(590, 5, 127, 32, 'local', NULL, 1),
(591, 5, 127, 33, 'visitante', NULL, 0),
(592, 5, 127, 34, 'visitante', NULL, 1),
(593, 5, 127, 35, 'local', NULL, 0),
(594, 5, 127, 36, 'local', NULL, 0),
(595, 5, 128, 28, 'visitante', NULL, 0),
(596, 5, 128, 29, 'empate', 'visitante', 1),
(597, 5, 128, 30, 'visitante', NULL, 1),
(598, 5, 128, 31, 'empate', NULL, 0),
(599, 5, 128, 32, 'visitante', NULL, 0),
(600, 5, 128, 33, 'visitante', NULL, 0),
(601, 5, 128, 34, 'visitante', NULL, 1),
(602, 5, 128, 35, 'local', NULL, 0),
(603, 5, 128, 36, 'local', NULL, 0),
(604, 5, 135, 28, 'visitante', NULL, 0),
(605, 5, 135, 29, 'visitante', NULL, 1),
(606, 5, 135, 30, 'visitante', NULL, 1),
(607, 5, 135, 31, 'visitante', NULL, 0),
(608, 5, 135, 32, 'local', 'visitante', 1),
(609, 5, 135, 33, 'local', NULL, 0),
(610, 5, 135, 34, 'visitante', NULL, 1),
(611, 5, 135, 35, 'local', NULL, 0),
(612, 5, 135, 36, 'local', NULL, 0),
(613, 5, 104, 28, 'local', NULL, 1),
(614, 5, 104, 29, 'local', 'visitante', 1),
(615, 5, 104, 30, 'visitante', NULL, 1),
(616, 5, 104, 31, 'empate', NULL, 0),
(617, 5, 104, 32, 'local', NULL, 1),
(618, 5, 104, 33, 'visitante', NULL, 0),
(619, 5, 104, 34, 'visitante', NULL, 1),
(620, 5, 104, 35, 'local', NULL, 0),
(621, 5, 104, 36, 'local', NULL, 0),
(622, 5, 26, 28, 'empate', NULL, 0),
(623, 5, 26, 29, 'visitante', NULL, 1),
(624, 5, 26, 30, 'local', NULL, 0),
(625, 5, 26, 31, 'visitante', NULL, 0),
(626, 5, 26, 32, 'local', NULL, 1),
(627, 5, 26, 33, 'local', NULL, 0),
(628, 5, 26, 34, 'local', 'visitante', 1),
(629, 5, 26, 35, 'local', NULL, 0),
(630, 5, 26, 36, 'local', NULL, 0),
(631, 5, 10, 28, 'visitante', NULL, 0),
(632, 5, 10, 29, 'empate', NULL, 0),
(633, 5, 10, 30, 'local', 'empate', 0),
(634, 5, 10, 31, 'visitante', NULL, 0),
(635, 5, 10, 32, 'local', NULL, 1),
(636, 5, 10, 33, 'empate', NULL, 1),
(637, 5, 10, 34, 'visitante', NULL, 1),
(638, 5, 10, 35, 'local', NULL, 0),
(639, 5, 10, 36, 'local', NULL, 0),
(640, 5, 15, 28, 'empate', NULL, 0),
(641, 5, 15, 29, 'visitante', NULL, 1),
(642, 5, 15, 30, 'visitante', NULL, 1),
(643, 5, 15, 31, 'empate', NULL, 0),
(644, 5, 15, 32, 'visitante', NULL, 0),
(645, 5, 15, 33, 'visitante', NULL, 0),
(646, 5, 15, 34, 'local', 'visitante', 1),
(647, 5, 15, 35, 'local', NULL, 0),
(648, 5, 15, 36, 'local', NULL, 0),
(649, 5, 6, 28, 'local', NULL, 1),
(650, 5, 6, 29, 'empate', NULL, 0),
(651, 5, 6, 30, 'local', 'empate', 0),
(652, 5, 6, 31, 'local', NULL, 1),
(653, 5, 6, 32, 'empate', NULL, 0),
(654, 5, 6, 33, 'local', NULL, 0),
(655, 5, 6, 34, 'local', NULL, 0),
(656, 5, 6, 35, 'empate', NULL, 0),
(657, 5, 6, 36, 'visitante', NULL, 0),
(658, 5, 5, 28, 'local', NULL, 1),
(659, 5, 5, 29, 'visitante', NULL, 1),
(660, 5, 5, 30, 'local', 'visitante', 1),
(661, 5, 5, 31, 'local', NULL, 1),
(662, 5, 5, 32, 'local', NULL, 1),
(663, 5, 5, 33, 'visitante', NULL, 0),
(664, 5, 5, 34, 'local', NULL, 0),
(665, 5, 5, 35, 'local', NULL, 0),
(666, 5, 5, 36, 'local', NULL, 0),
(667, 5, 110, 28, 'visitante', NULL, 0),
(668, 5, 110, 29, 'empate', NULL, 0),
(669, 5, 110, 30, 'visitante', NULL, 1),
(670, 5, 110, 31, 'empate', NULL, 0),
(671, 5, 110, 32, 'local', 'visitante', 1),
(672, 5, 110, 33, 'visitante', NULL, 0),
(673, 5, 110, 34, 'visitante', NULL, 1),
(674, 5, 110, 35, 'local', NULL, 0),
(675, 5, 110, 36, 'local', NULL, 0),
(676, 5, 70, 28, 'empate', NULL, 0),
(677, 5, 70, 29, 'visitante', NULL, 1),
(678, 5, 70, 30, 'local', 'visitante', 1),
(679, 5, 70, 31, 'empate', NULL, 0),
(680, 5, 70, 32, 'empate', NULL, 0),
(681, 5, 70, 33, 'local', NULL, 0),
(682, 5, 70, 34, 'empate', NULL, 0),
(683, 5, 70, 35, 'local', NULL, 0),
(684, 5, 70, 36, 'empate', NULL, 1),
(686, 6, 101, 38, 'empate', NULL, 1),
(685, 6, 101, 37, 'local', NULL, 1),
(687, 6, 101, 39, 'visitante', NULL, 1),
(688, 6, 101, 40, 'local', NULL, 0),
(689, 6, 101, 41, 'local', 'visitante', 0),
(690, 6, 101, 42, 'local', NULL, 0),
(691, 6, 101, 43, 'local', NULL, 0),
(692, 6, 101, 44, 'empate', NULL, 1),
(693, 6, 101, 45, 'local', NULL, 1),
(694, 6, 7, 37, 'local', NULL, 1),
(695, 6, 7, 38, 'visitante', NULL, 0),
(696, 6, 7, 39, 'visitante', NULL, 1),
(697, 6, 7, 40, 'empate', NULL, 0),
(698, 6, 7, 41, 'local', NULL, 0),
(699, 6, 7, 42, 'visitante', NULL, 1),
(700, 6, 7, 43, 'local', NULL, 0),
(701, 6, 7, 44, 'visitante', NULL, 0),
(702, 6, 7, 45, 'local', 'visitante', 1),
(703, 6, 37, 37, 'local', NULL, 1),
(704, 6, 37, 38, 'visitante', NULL, 0),
(705, 6, 37, 39, 'local', NULL, 0),
(706, 6, 37, 40, 'visitante', NULL, 1),
(707, 6, 37, 41, 'local', NULL, 0),
(708, 6, 37, 42, 'visitante', NULL, 1),
(709, 6, 37, 43, 'empate', 'visitante', 1),
(710, 6, 37, 44, 'local', NULL, 0),
(711, 6, 37, 45, 'local', NULL, 1),
(712, 6, 10, 37, 'visitante', NULL, 0),
(713, 6, 10, 38, 'local', NULL, 0),
(714, 6, 10, 39, 'local', NULL, 0),
(715, 6, 10, 40, 'local', NULL, 0),
(716, 6, 10, 41, 'empate', 'visitante', 1),
(717, 6, 10, 42, 'visitante', NULL, 1),
(718, 6, 10, 43, 'empate', NULL, 1),
(719, 6, 10, 44, 'visitante', NULL, 0),
(720, 6, 10, 45, 'empate', NULL, 0),
(721, 6, 6, 37, 'empate', NULL, 0),
(722, 6, 6, 38, 'local', NULL, 0),
(723, 6, 6, 39, 'empate', NULL, 0),
(724, 6, 6, 40, 'local', NULL, 0),
(725, 6, 6, 41, 'local', NULL, 0),
(726, 6, 6, 42, 'visitante', NULL, 1),
(727, 6, 6, 43, 'empate', NULL, 1),
(728, 6, 6, 44, 'local', 'visitante', 0),
(729, 6, 6, 45, 'empate', NULL, 0),
(730, 6, 110, 37, 'visitante', NULL, 0),
(731, 6, 110, 38, 'visitante', NULL, 0),
(732, 6, 110, 39, 'local', NULL, 0),
(733, 6, 110, 40, 'local', NULL, 0),
(734, 6, 110, 41, 'local', NULL, 0),
(735, 6, 110, 42, 'empate', NULL, 0),
(736, 6, 110, 43, 'local', 'visitante', 0),
(737, 6, 110, 44, 'visitante', NULL, 0),
(738, 6, 110, 45, 'local', NULL, 1),
(739, 6, 70, 37, 'empate', NULL, 0),
(740, 6, 70, 38, 'local', NULL, 0),
(741, 6, 70, 39, 'empate', 'visitante', 1),
(742, 6, 70, 40, 'empate', NULL, 0),
(743, 6, 70, 41, 'visitante', NULL, 0),
(744, 6, 70, 42, 'empate', NULL, 0),
(745, 6, 70, 43, 'visitante', NULL, 0),
(746, 6, 70, 44, 'local', NULL, 0),
(747, 6, 70, 45, 'visitante', NULL, 0),
(748, 6, 4, 37, 'local', NULL, 1),
(749, 6, 4, 38, 'visitante', NULL, 0),
(750, 6, 4, 39, 'empate', NULL, 0),
(751, 6, 4, 40, 'visitante', NULL, 1),
(752, 6, 4, 41, 'local', 'visitante', 0),
(753, 6, 4, 42, 'empate', NULL, 0),
(754, 6, 4, 43, 'visitante', NULL, 0),
(755, 6, 4, 44, 'local', NULL, 0),
(756, 6, 4, 45, 'local', NULL, 1),
(757, 6, 104, 37, 'local', NULL, 1),
(758, 6, 104, 38, 'local', NULL, 0),
(759, 6, 104, 39, 'local', NULL, 0),
(760, 6, 104, 40, 'local', 'visitante', 1),
(761, 6, 104, 41, 'visitante', NULL, 0),
(762, 6, 104, 42, 'local', NULL, 0),
(763, 6, 104, 43, 'visitante', NULL, 0),
(764, 6, 104, 44, 'visitante', NULL, 0),
(765, 6, 104, 45, 'local', NULL, 1),
(766, 6, 28, 37, 'local', NULL, 1),
(767, 6, 28, 38, 'empate', NULL, 1),
(768, 6, 28, 39, 'visitante', NULL, 1),
(769, 6, 28, 40, 'local', NULL, 0),
(770, 6, 28, 41, 'local', NULL, 0),
(771, 6, 28, 42, 'visitante', NULL, 1),
(772, 6, 28, 43, 'local', NULL, 0),
(773, 6, 28, 44, 'local', 'visitante', 0),
(774, 6, 28, 45, 'local', NULL, 1),
(775, 6, 137, 37, 'local', NULL, 1),
(776, 6, 137, 38, 'local', 'empate', 1),
(777, 6, 137, 39, 'local', NULL, 0),
(778, 6, 137, 40, 'visitante', NULL, 1),
(779, 6, 137, 41, 'local', NULL, 0),
(780, 6, 137, 42, 'visitante', NULL, 1),
(781, 6, 137, 43, 'empate', NULL, 1),
(782, 6, 137, 44, 'visitante', NULL, 0),
(783, 6, 137, 45, 'local', NULL, 1),
(784, 6, 11, 37, 'local', NULL, 1),
(785, 6, 11, 38, 'visitante', NULL, 0),
(786, 6, 11, 39, 'visitante', NULL, 1),
(787, 6, 11, 40, 'empate', NULL, 0),
(788, 6, 11, 41, 'local', 'empate', 1),
(789, 6, 11, 42, 'local', NULL, 0),
(790, 6, 11, 43, 'empate', NULL, 1),
(791, 6, 11, 44, 'local', NULL, 0),
(792, 6, 11, 45, 'empate', NULL, 0),
(793, 6, 5, 37, 'local', NULL, 1),
(794, 6, 5, 38, 'local', NULL, 0),
(795, 6, 5, 39, 'local', NULL, 0),
(796, 6, 5, 40, 'visitante', NULL, 1),
(797, 6, 5, 41, 'local', 'empate', 1),
(798, 6, 5, 42, 'visitante', NULL, 1),
(799, 6, 5, 43, 'local', NULL, 0),
(800, 6, 5, 44, 'visitante', NULL, 0),
(801, 6, 5, 45, 'local', NULL, 1),
(802, 6, 22, 37, 'local', NULL, 1),
(803, 6, 22, 38, 'empate', NULL, 1),
(804, 6, 22, 39, 'local', NULL, 0),
(805, 6, 22, 40, 'local', NULL, 0),
(806, 6, 22, 41, 'empate', NULL, 1),
(807, 6, 22, 42, 'visitante', NULL, 1),
(808, 6, 22, 43, 'local', 'visitante', 0),
(809, 6, 22, 44, 'visitante', NULL, 0),
(810, 6, 22, 45, 'local', NULL, 1),
(811, 6, 26, 37, 'local', NULL, 1),
(812, 6, 26, 38, 'local', NULL, 0),
(813, 6, 26, 39, 'local', NULL, 0),
(814, 6, 26, 40, 'local', NULL, 0),
(815, 6, 26, 41, 'local', 'visitante', 0),
(816, 6, 26, 42, 'local', NULL, 0),
(817, 6, 26, 43, 'visitante', NULL, 0),
(818, 6, 26, 44, 'empate', NULL, 1),
(819, 6, 26, 45, 'local', NULL, 1),
(820, 6, 69, 37, 'empate', NULL, 0),
(821, 6, 69, 38, 'visitante', NULL, 0),
(822, 6, 69, 39, 'visitante', NULL, 1),
(823, 6, 69, 40, 'local', NULL, 0),
(824, 6, 69, 41, 'visitante', NULL, 0),
(825, 6, 69, 42, 'local', NULL, 0),
(826, 6, 69, 43, 'empate', 'visitante', 1),
(827, 6, 69, 44, 'visitante', NULL, 0),
(828, 6, 69, 45, 'local', NULL, 1),
(829, 6, 15, 37, 'local', NULL, 1),
(830, 6, 15, 38, 'empate', NULL, 1),
(831, 6, 15, 39, 'local', NULL, 0),
(832, 6, 15, 40, 'visitante', NULL, 1),
(833, 6, 15, 41, 'local', NULL, 0),
(834, 6, 15, 42, 'empate', NULL, 0),
(835, 6, 15, 43, 'local', 'visitante', 0),
(836, 6, 15, 44, 'visitante', NULL, 0),
(837, 6, 15, 45, 'visitante', NULL, 0),
(838, 6, 33, 37, 'visitante', NULL, 0),
(839, 6, 33, 38, 'local', NULL, 0),
(840, 6, 33, 39, 'local', NULL, 0),
(841, 6, 33, 40, 'empate', NULL, 0),
(842, 6, 33, 41, 'local', 'visitante', 0),
(843, 6, 33, 42, 'local', NULL, 0),
(844, 6, 33, 43, 'empate', NULL, 1),
(845, 6, 33, 44, 'visitante', NULL, 0),
(846, 6, 33, 45, 'local', NULL, 1),
(847, 6, 13, 37, 'local', NULL, 1),
(848, 6, 13, 38, 'visitante', NULL, 0),
(849, 6, 13, 39, 'empate', NULL, 0),
(850, 6, 13, 40, 'empate', NULL, 0),
(851, 6, 13, 41, 'local', 'visitante', 0),
(852, 6, 13, 42, 'visitante', NULL, 1),
(853, 6, 13, 43, 'visitante', NULL, 0),
(854, 6, 13, 44, 'visitante', NULL, 0),
(855, 6, 13, 45, 'local', NULL, 1),
(856, 6, 127, 37, 'local', NULL, 1),
(857, 6, 127, 38, 'visitante', NULL, 0),
(858, 6, 127, 39, 'local', NULL, 0),
(859, 6, 127, 40, 'local', NULL, 0),
(860, 6, 127, 41, 'local', 'empate', 1),
(861, 6, 127, 42, 'empate', NULL, 0),
(862, 6, 127, 43, 'empate', NULL, 1),
(863, 6, 127, 44, 'local', NULL, 0),
(864, 6, 127, 45, 'local', NULL, 1),
(865, 6, 128, 37, 'local', NULL, 1),
(866, 6, 128, 38, 'local', NULL, 0),
(867, 6, 128, 39, 'local', NULL, 0),
(868, 6, 128, 40, 'local', NULL, 0),
(869, 6, 128, 41, 'local', 'visitante', 0),
(870, 6, 128, 42, 'visitante', NULL, 1),
(871, 6, 128, 43, 'visitante', NULL, 0),
(872, 6, 128, 44, 'visitante', NULL, 0),
(873, 6, 128, 45, 'local', NULL, 1),
(874, 6, 135, 37, 'local', NULL, 1),
(875, 6, 135, 38, 'visitante', NULL, 0),
(876, 6, 135, 39, 'local', NULL, 0),
(877, 6, 135, 40, 'visitante', NULL, 1),
(878, 6, 135, 41, 'visitante', NULL, 0),
(879, 6, 135, 42, 'local', 'visitante', 1),
(880, 6, 135, 43, 'visitante', NULL, 0),
(881, 6, 135, 44, 'local', NULL, 0),
(882, 6, 135, 45, 'visitante', NULL, 0),
(883, 6, 136, 37, 'local', NULL, 1),
(884, 6, 136, 38, 'empate', NULL, 1),
(885, 6, 136, 39, 'local', NULL, 0),
(886, 6, 136, 40, 'local', NULL, 0),
(887, 6, 136, 41, 'local', 'visitante', 0),
(888, 6, 136, 42, 'visitante', NULL, 1),
(889, 6, 136, 43, 'empate', NULL, 1),
(890, 6, 136, 44, 'visitante', NULL, 0),
(891, 6, 136, 45, 'empate', NULL, 0),
(892, 7, 37, 46, 'visitante', NULL, NULL),
(893, 7, 37, 47, 'visitante', NULL, NULL),
(894, 7, 37, 48, 'local', NULL, NULL),
(895, 7, 37, 49, 'local', NULL, NULL),
(896, 7, 37, 50, 'visitante', NULL, NULL),
(897, 7, 37, 51, 'local', 'empate', NULL),
(898, 7, 37, 52, 'local', NULL, NULL),
(899, 7, 37, 53, 'local', NULL, NULL),
(900, 7, 37, 54, 'local', NULL, NULL),
(901, 7, 101, 46, 'empate', NULL, NULL),
(902, 7, 101, 47, 'local', NULL, NULL),
(903, 7, 101, 48, 'local', NULL, NULL),
(904, 7, 101, 49, 'local', NULL, NULL),
(905, 7, 101, 50, 'visitante', NULL, NULL),
(906, 7, 101, 51, 'local', NULL, NULL),
(907, 7, 101, 52, 'local', 'empate', NULL),
(908, 7, 101, 53, 'local', NULL, NULL),
(909, 7, 101, 54, 'empate', NULL, NULL),
(910, 7, 6, 46, 'visitante', NULL, NULL),
(911, 7, 6, 47, 'local', NULL, NULL),
(912, 7, 6, 48, 'visitante', NULL, NULL),
(913, 7, 6, 49, 'empate', 'visitante', NULL),
(914, 7, 6, 50, 'empate', NULL, NULL),
(915, 7, 6, 51, 'local', NULL, NULL),
(916, 7, 6, 52, 'local', NULL, NULL),
(917, 7, 6, 53, 'visitante', NULL, NULL),
(918, 7, 6, 54, 'empate', NULL, NULL),
(919, 7, 33, 46, 'visitante', NULL, NULL),
(920, 7, 33, 47, 'local', 'visitante', NULL),
(921, 7, 33, 48, 'local', NULL, NULL),
(922, 7, 33, 49, 'empate', NULL, NULL),
(923, 7, 33, 50, 'visitante', NULL, NULL),
(924, 7, 33, 51, 'local', NULL, NULL),
(925, 7, 33, 52, 'local', NULL, NULL),
(926, 7, 33, 53, 'empate', NULL, NULL),
(927, 7, 33, 54, 'visitante', NULL, NULL),
(928, 7, 22, 46, 'visitante', NULL, NULL),
(929, 7, 22, 47, 'visitante', NULL, NULL),
(930, 7, 22, 48, 'local', NULL, NULL),
(931, 7, 22, 49, 'local', 'empate', NULL),
(932, 7, 22, 50, 'visitante', NULL, NULL),
(933, 7, 22, 51, 'local', NULL, NULL),
(934, 7, 22, 52, 'local', NULL, NULL),
(935, 7, 22, 53, 'local', NULL, NULL),
(936, 7, 22, 54, 'visitante', NULL, NULL),
(937, 7, 126, 46, 'visitante', NULL, NULL),
(938, 7, 126, 47, 'local', 'empate', NULL),
(939, 7, 126, 48, 'local', NULL, NULL),
(940, 7, 126, 49, 'local', NULL, NULL),
(941, 7, 126, 50, 'empate', NULL, NULL),
(942, 7, 126, 51, 'empate', NULL, NULL),
(943, 7, 126, 52, 'local', NULL, NULL),
(944, 7, 126, 53, 'local', NULL, NULL),
(945, 7, 126, 54, 'empate', NULL, NULL),
(946, 7, 13, 46, 'empate', NULL, NULL),
(947, 7, 13, 47, 'visitante', NULL, NULL),
(948, 7, 13, 48, 'visitante', NULL, NULL),
(949, 7, 13, 49, 'local', NULL, NULL),
(950, 7, 13, 50, 'local', 'visitante', NULL),
(951, 7, 13, 51, 'visitante', NULL, NULL),
(952, 7, 13, 52, 'local', NULL, NULL),
(953, 7, 13, 53, 'local', NULL, NULL),
(954, 7, 13, 54, 'local', NULL, NULL),
(955, 7, 26, 46, 'visitante', NULL, NULL),
(956, 7, 26, 47, 'local', 'visitante', NULL),
(957, 7, 26, 48, 'local', NULL, NULL),
(958, 7, 26, 49, 'local', NULL, NULL),
(959, 7, 26, 50, 'visitante', NULL, NULL),
(960, 7, 26, 51, 'local', NULL, NULL),
(961, 7, 26, 52, 'local', NULL, NULL),
(962, 7, 26, 53, 'local', NULL, NULL),
(963, 7, 26, 54, 'empate', NULL, NULL),
(964, 7, 5, 46, 'local', 'visitante', NULL),
(965, 7, 5, 47, 'visitante', NULL, NULL),
(966, 7, 5, 48, 'local', NULL, NULL),
(967, 7, 5, 49, 'local', NULL, NULL),
(968, 7, 5, 50, 'visitante', NULL, NULL),
(969, 7, 5, 51, 'visitante', NULL, NULL),
(970, 7, 5, 52, 'local', NULL, NULL),
(971, 7, 5, 53, 'local', NULL, NULL),
(972, 7, 5, 54, 'visitante', NULL, NULL),
(973, 7, 7, 46, 'visitante', NULL, NULL),
(974, 7, 7, 47, 'visitante', NULL, NULL),
(975, 7, 7, 48, 'local', NULL, NULL),
(976, 7, 7, 49, 'empate', NULL, NULL),
(977, 7, 7, 50, 'local', 'visitante', NULL),
(978, 7, 7, 51, 'empate', NULL, NULL),
(979, 7, 7, 52, 'local', NULL, NULL),
(980, 7, 7, 53, 'local', NULL, NULL),
(981, 7, 7, 54, 'visitante', NULL, NULL),
(982, 7, 10, 46, 'visitante', NULL, NULL),
(983, 7, 10, 47, 'empate', NULL, NULL),
(984, 7, 10, 48, 'local', 'empate', NULL),
(985, 7, 10, 49, 'empate', NULL, NULL),
(986, 7, 10, 50, 'visitante', NULL, NULL),
(987, 7, 10, 51, 'visitante', NULL, NULL),
(988, 7, 10, 52, 'local', NULL, NULL),
(989, 7, 10, 53, 'local', NULL, NULL),
(990, 7, 10, 54, 'empate', NULL, NULL),
(991, 7, 15, 46, 'empate', NULL, NULL),
(992, 7, 15, 47, 'visitante', NULL, NULL),
(993, 7, 15, 48, 'empate', NULL, NULL),
(994, 7, 15, 49, 'local', NULL, NULL),
(995, 7, 15, 50, 'local', 'visitante', NULL),
(996, 7, 15, 51, 'visitante', NULL, NULL),
(997, 7, 15, 52, 'local', NULL, NULL),
(998, 7, 15, 53, 'local', NULL, NULL),
(999, 7, 15, 54, 'empate', NULL, NULL),
(1000, 7, 4, 46, 'visitante', NULL, NULL),
(1001, 7, 4, 47, 'visitante', NULL, NULL),
(1002, 7, 4, 48, 'local', 'visitante', NULL),
(1003, 7, 4, 49, 'local', NULL, NULL),
(1004, 7, 4, 50, 'visitante', NULL, NULL),
(1005, 7, 4, 51, 'local', NULL, NULL),
(1006, 7, 4, 52, 'visitante', NULL, NULL),
(1007, 7, 4, 53, 'local', NULL, NULL),
(1008, 7, 4, 54, 'local', NULL, NULL),
(1009, 7, 28, 46, 'local', NULL, NULL),
(1010, 7, 28, 47, 'local', 'visitante', NULL),
(1011, 7, 28, 48, 'local', NULL, NULL),
(1012, 7, 28, 49, 'local', NULL, NULL),
(1013, 7, 28, 50, 'visitante', NULL, NULL),
(1014, 7, 28, 51, 'local', NULL, NULL),
(1015, 7, 28, 52, 'visitante', NULL, NULL),
(1016, 7, 28, 53, 'local', NULL, NULL),
(1017, 7, 28, 54, 'visitante', NULL, NULL),
(1018, 7, 32, 46, 'empate', NULL, NULL),
(1019, 7, 32, 47, 'local', 'empate', NULL),
(1020, 7, 32, 48, 'local', NULL, NULL),
(1021, 7, 32, 49, 'empate', NULL, NULL),
(1022, 7, 32, 50, 'visitante', NULL, NULL),
(1023, 7, 32, 51, 'empate', NULL, NULL),
(1024, 7, 32, 52, 'empate', NULL, NULL),
(1025, 7, 32, 53, 'local', NULL, NULL),
(1026, 7, 32, 54, 'empate', NULL, NULL),
(1027, 7, 115, 46, 'local', NULL, NULL),
(1028, 7, 115, 47, 'local', 'visitante', NULL),
(1029, 7, 115, 48, 'local', NULL, NULL),
(1030, 7, 115, 49, 'visitante', NULL, NULL),
(1031, 7, 115, 50, 'visitante', NULL, NULL),
(1032, 7, 115, 51, 'visitante', NULL, NULL),
(1033, 7, 115, 52, 'visitante', NULL, NULL),
(1034, 7, 115, 53, 'empate', NULL, NULL),
(1035, 7, 115, 54, 'local', NULL, NULL),
(1036, 7, 135, 46, 'visitante', NULL, NULL),
(1037, 7, 135, 47, 'local', 'empate', NULL),
(1038, 7, 135, 48, 'local', NULL, NULL),
(1039, 7, 135, 49, 'local', NULL, NULL),
(1040, 7, 135, 50, 'visitante', NULL, NULL),
(1041, 7, 135, 51, 'local', NULL, NULL),
(1042, 7, 135, 52, 'empate', NULL, NULL),
(1043, 7, 135, 53, 'local', NULL, NULL),
(1044, 7, 135, 54, 'visitante', NULL, NULL),
(1045, 7, 104, 46, 'local', NULL, NULL),
(1046, 7, 104, 47, 'visitante', NULL, NULL),
(1047, 7, 104, 48, 'local', NULL, NULL),
(1048, 7, 104, 49, 'empate', 'visitante', NULL),
(1049, 7, 104, 50, 'visitante', NULL, NULL),
(1050, 7, 104, 51, 'visitante', NULL, NULL),
(1051, 7, 104, 52, 'local', NULL, NULL),
(1052, 7, 104, 53, 'local', NULL, NULL),
(1053, 7, 104, 54, 'visitante', NULL, NULL),
(1054, 7, 128, 46, 'visitante', NULL, NULL),
(1055, 7, 128, 47, 'visitante', NULL, NULL),
(1056, 7, 128, 48, 'local', NULL, NULL),
(1057, 7, 128, 49, 'local', NULL, NULL),
(1058, 7, 128, 50, 'visitante', NULL, NULL),
(1059, 7, 128, 51, 'visitante', NULL, NULL),
(1060, 7, 128, 52, 'local', 'empate', NULL),
(1061, 7, 128, 53, 'local', NULL, NULL),
(1062, 7, 128, 54, 'visitante', NULL, NULL),
(1063, 7, 127, 46, 'local', 'visitante', NULL),
(1064, 7, 127, 47, 'visitante', NULL, NULL),
(1065, 7, 127, 48, 'local', NULL, NULL),
(1066, 7, 127, 49, 'local', NULL, NULL),
(1067, 7, 127, 50, 'visitante', NULL, NULL),
(1068, 7, 127, 51, 'local', NULL, NULL),
(1069, 7, 127, 52, 'empate', NULL, NULL),
(1070, 7, 127, 53, 'local', NULL, NULL),
(1071, 7, 127, 54, 'visitante', NULL, NULL),
(1072, 7, 11, 46, 'visitante', NULL, NULL),
(1073, 7, 11, 47, 'visitante', NULL, NULL),
(1074, 7, 11, 48, 'local', 'visitante', NULL),
(1075, 7, 11, 49, 'visitante', NULL, NULL),
(1076, 7, 11, 50, 'visitante', NULL, NULL),
(1077, 7, 11, 51, 'visitante', NULL, NULL),
(1078, 7, 11, 52, 'visitante', NULL, NULL),
(1079, 7, 11, 53, 'empate', NULL, NULL),
(1080, 7, 11, 54, 'empate', NULL, NULL);

-- --------------------------------------------------------

--
-- Estructura de tabla para la tabla `usuario`
--

CREATE TABLE IF NOT EXISTS `usuario` (
  `idusu` int(11) NOT NULL AUTO_INCREMENT,
  `nombre_usu` varchar(45) NOT NULL,
  `apellidopa_usu` varchar(45) NOT NULL,
  `apellidoma_usu` varchar(45) NOT NULL,
  `nacimiento` date DEFAULT NULL,
  `correo_usu` varchar(45) DEFAULT NULL,
  `tel_usu` varchar(10) DEFAULT NULL,
  `estado_usu` varchar(8) NOT NULL,
  `img_perfil` int(11) NOT NULL,
  PRIMARY KEY (`idusu`),
  KEY `img_perfil` (`img_perfil`)
) ENGINE=MyISAM  DEFAULT CHARSET=utf8 AUTO_INCREMENT=138 ;

--
-- Volcado de datos para la tabla `usuario`
--

INSERT INTO `usuario` (`idusu`, `nombre_usu`, `apellidopa_usu`, `apellidoma_usu`, `nacimiento`, `correo_usu`, `tel_usu`, `estado_usu`, `img_perfil`) VALUES
(1, 'ANGEL', 'CUAUTLA', 'GARCIA', '2015-04-01', 'angel_slp@live.com', '', 'Activo', 1),
(2, 'JOSE ROBERTO', 'VILLEGAS', 'RODRIGUEZ', '2015-04-01', 'tiburoncin23@hotmail.com', '', 'Activo', 1),
(3, 'Rafael Alejandro', 'Romero', 'Villegas', '2015-04-01', 'uchiha_anemixd@hotmail.com', '48175365', 'Activo', 1),
(4, 'MON', 'MON', 'VC', '1988-11-22', 'monzezitv@gmail.com', '5522585183', 'Activo', 1),
(5, 'CESAR', 'ROMERO', 'VILLEGAS', '1993-08-08', 'julito_rv@hotmail.com', '5523787581', 'Activo', 1),
(6, 'GABRIELA', 'VILLEGAS', 'CABRERA', '1971-02-19', 'sxcdsdfdfs@ujygg.com', '51129167', 'Activo', 1),
(7, 'GILBERTO', 'LOPEZ', 'VELAZCO', '1993-02-18', 'jackodelico.x@gmail.com', '5513306951', 'Activo', 1),
(8, 'Administrador', '-', '-', '0000-00-00', 'uchiha_anemixd@hotmail.com', '48175365', 'Activo', 1),
(9, 'ROGELIO', 'ROMERO', 'GONZALEZ', '1970-01-01', 'rafael373rg@hotmail.com', '51129167', 'Activo', 1),
(10, 'BRYAN', 'ITURBE', 'VILLEGAS', '1970-08-08', '', '57352632', 'Activo', 1),
(11, 'ALFREDO', 'ROMERO', 'GONZALEZ', '1970-01-01', '', '', 'Activo', 1),
(12, 'FEDERICO', 'ROMERO', 'GONZALEZ', '1970-01-01', '', '', 'Activo', 1),
(13, 'ANTONIO', 'ROMERO', 'GONZALEZ', '2015-08-14', '', '000000000', 'Activo', 1),
(15, 'ESTELA', 'CABRERA', 'ALFARO', '2015-07-01', '', '', 'Activo', 1),
(16, 'JOSE ALBERTO', 'MORENO', 'VILLEGAS', '1970-01-01', 'josealberto@hotmail.com', '57352632', 'Activo', 1),
(102, 'LUIS ALBERTO', 'REYES', 'VELASCO', '1991-03-31', '', '5512345678', 'Activo', 1),
(18, 'Ulises', 'Ruiz', 'Martinez', '0000-00-00', 'waykol_crazy@hotmail.com', '5539117460', 'Inactivo', 1),
(19, 'Ulises', 'Ruiz', 'Martinez', '0000-00-00', 'waykol_crazy@hotmail.com', '5539117460', 'Inactivo', 1),
(20, 'Ulises', 'Ruiz', 'Martinez', '0000-00-00', 'waykol_crazy@hotmail.com', '5539117460', 'Inactivo', 1),
(22, 'ISMAEL', 'VEGA', 'JUAREZ', '1970-01-01', '', '', 'Activo', 1),
(23, 'Sergio', 'Cabrera', 'Macedo', '0000-00-00', '', '57352632', 'Activo', 1),
(24, 'KEVIN', 'CABRERA', 'MACEDO', '1970-01-01', '', '', 'Activo', 1),
(116, 'EL PLEBE', 'ANONIMO', 'ANONIMO', '2015-09-11', '', '', 'Activo', 1),
(26, 'ROBERTO', 'VILLEGAS', 'GOMEZ', '1970-01-01', '', '', 'Activo', 1),
(27, 'Manuel', 'Munoz', 'Calvo', '0000-00-00', '', '4355654', 'Activo', 1),
(28, 'EDUARDO', 'MARTINEZ', 'HERNANDEZ', '1988-06-13', 'edulalo_88@hotmail.com', '5534928237', 'Activo', 1),
(114, 'ALITAS', 'VILLEGAS', 'RODRIGUEZ', '2015-08-04', '', '', 'Activo', 1),
(32, 'JOSE LUIS', 'MORENO', 'MARTINEZ', '2016-04-08', '', '51129167', 'Activo', 1),
(33, 'EVELYN', 'VEGA', 'VEGA', '0000-00-00', '', '000000000', 'Activo', 1),
(36, 'Blanca', 'Romero', 'Villegas', '0000-00-00', 'chivasblanca405@gmail.com', '5112697', 'Activo', 1),
(37, 'MARCO', 'MARTINEZ', 'HERNANDEZ', '1993-01-01', '', '', 'Activo', 1),
(103, 'IVAN ALEJANDRO', 'CARRASCO', 'RUIZ', '0000-00-00', '', '', 'Activo', 1),
(41, 'Pepe', 'Escutia', 'Rul', '0000-00-00', 'uchiha_anemixd@hotmail.com', '6677665566', 'Inactivo', 1),
(42, 'Chucho', 'Escutiass', 'Ruls', '0000-00-00', 'uchiha_anemixd@hotmail.com', '6677665566', 'Inactivo', 1),
(43, 'Jaime', 'Chanfle', 'Ruls', '0000-00-00', 'uchiha_anemixd@hotmail.com', '6677665566', 'Inactivo', 1),
(51, 'Prueba4', 'Prueba4', 'Prueba4', '0000-00-00', 'prueba4', 'prueba4', 'Activo', 1),
(52, 'Prueba5', 'Prueba5', 'Prueba5', '0000-00-00', 'prueba4', '3464576', 'Activo', 1),
(69, 'DIEGO', 'MORENO', 'MARTINEZ', '1970-01-28', '', '', 'Activo', 1),
(70, 'ADELINA', 'ROMERO', 'VILLEGAS', '2008-01-01', '', '', 'Activo', 1),
(104, 'DARIEN', 'GONZALEZ', 'LOPEZ', '1989-11-26', '', '5554050287', 'Activo', 1),
(74, 'JESUS', 'ARIAS', 'ARIAS', '2015-02-10', '', '55', 'Activo', 1),
(113, 'CHUY', 'ROMERO', 'VILLEGAS', '2015-08-11', '', '', 'Activo', 1),
(115, 'ALBERTO', 'VILLEGAS', 'CABRERA', '2015-08-21', '', '', 'Activo', 1),
(117, 'CARLOS', 'CHENCHO', 'CHENCHO', '2015-10-16', '', '', 'Activo', 1),
(109, 'EISOL', 'ANONIMO', 'ANONIMO', '2015-08-06', '', '', 'Activo', 1),
(110, 'GRISEL', 'VILLEGAS', 'CABRERA', '2015-08-07', 'chivasblanca405@gmail.com', '51129167', 'Activo', 1),
(111, 'JULIO CESAR', 'TAPIA', 'MARTINEZ', '2015-08-07', '', '', 'Activo', 1),
(112, 'MARCO ANTONIO', 'MARTINEZ', 'GONZALEZ', '2015-08-11', '', '555555555', 'Activo', 1),
(105, 'BRANDON', 'ROMERO', 'ECHEVERRIA', '2015-07-01', '', '', 'Activo', 1),
(106, 'ERNESTO', 'ROMERO', 'ECHEVERRIA', '2015-07-01', '', '', 'Activo', 1),
(107, 'FERNANDO', 'BURGER', 'KING', '2015-07-31', '', '', 'Activo', 1),
(108, 'VENY', 'GARCIA', 'GARCIA', '2015-08-07', '', '', 'Activo', 1),
(97, 'Pruebaa', 'Prueba', 'Prueba', '2005-07-06', '', '', 'Activo', 1),
(98, 'Pruebaa', 'Prueba', 'Prueba', '0000-00-00', '', '', 'Activo', 1),
(100, 'AARON', 'BURGER', 'KING', '1992-03-08', 'Aaron.saa080392@gmail.com', '5541775586', 'Activo', 1),
(101, 'OSCAR', 'URIOSTEGUI', 'SALAZAR', '2015-07-26', 'oskr.salaz@gmail.com', '00', 'Activo', 1),
(118, 'IVONNE ', 'VEGA ', 'VEGA ', '2016-01-29', '', '', 'Activo', 1),
(119, 'ORLANDO', 'VEGA', 'VEGA', '2016-02-05', '', '', 'Activo', 1),
(120, 'GUERO', 'VEGA', 'VEGA', '2016-02-12', '', '', 'Activo', 1),
(121, 'NOE ', 'PAPELERIA ', 'PAPELERIA ', '2016-02-11', '', '', 'Activo', 1),
(122, 'ADRIAN', 'NOSE', 'NOSE', '2016-02-11', '', '', 'Activo', 1),
(123, 'SAMUEL', 'JIMENEZ', 'JIMENEZ', '2016-03-11', '', '', 'Activo', 1),
(124, 'Jose Luis', 'Sanchez', 'Macias', '0000-00-00', '', '', 'Activo', 1),
(125, 'Efrain', 'Espinoza', 'Flores', '0000-00-00', '', '', 'Activo', 1),
(126, 'SABRITAS', 'Sabritas', 'Sabritas', '1969-12-31', '', '', 'Activo', 1),
(127, 'ALLAN', 'HERNANDEZ', 'PARDO', '1969-12-31', '', '', 'Activo', 1),
(128, 'DANIEL', 'PEREZ', 'GRANILLO', '1969-12-31', '', '', 'Activo', 1),
(129, 'ALBERTO', 'VILLEGAS', 'CABRERA', '2007-08-15', 'chivasblanca405@gmail.com', '51129167', 'Activo', 1),
(130, 'Alberto', 'Villegas', 'Cabrera', '2007-08-15', 'chivasblanca405@gmail.com', '51129167', 'Activo', 1),
(131, 'CARLOS', 'AGUIRRE', 'RAMIREZ', '1969-12-31', 'chivasblanca405@gmail.com', '', 'Activo', 1),
(132, 'Carlos', 'Aguirre', 'Ramirez', '0000-00-00', 'chivasblanca405@gmail.com', '', 'Activo', 1),
(133, 'JOSE LUIS', 'MORENO', 'MARTINEZ', '1969-12-31', 'chivasblanca405@gmail.com', '', 'Activo', 1),
(134, 'CUQUIN ', 'AGUIRRE ', 'AGUIRRE ', '1969-12-31', '', '', 'Activo', 1),
(135, 'LUPITA', 'LUNA', 'LUNA', '1989-12-12', '', '5512249619', 'Activo', 1),
(136, 'LUIS PEÃ‘A', 'PENA ', 'PENA', '1969-12-31', '', '', 'Activo', 1),
(137, 'PIPIOLO', 'PIPIOLO', 'PIPIOLO', '1969-12-31', '', '', 'Activo', 1);

/*!40101 SET CHARACTER_SET_CLIENT=@OLD_CHARACTER_SET_CLIENT */;
/*!40101 SET CHARACTER_SET_RESULTS=@OLD_CHARACTER_SET_RESULTS */;
/*!40101 SET COLLATION_CONNECTION=@OLD_COLLATION_CONNECTION */;
